bairro_id,preco_total,area,quartos,banheiros,vagas
33,787,40,2,1,1
26,11767,70,0,1,0
26,31044,555,0,0,0
60,1700,64,2,2,0
124,2730,110,2,2,1
26,2100,56,2,1,0
62,1850,60,2,2,1
80,1300,50,2,1,1
136,3155,282,2,1,3
20,1000,55,2,1,1
42,3700,90,2,1,1
30,3969,107,3,1,0
124,2300,70,2,1,1
85,2480,63,2,1,1
83,2100,81,4,3,1
35,1410,70,2,1,2
30,5000,160,3,3,1
12,2800,50,1,1,1
15,1680,95,2,1,1
20,1526,300,2,2,1
102,6137,400,3,5,3
3,3438,77,2,2,2
51,909,50,2,2,1
39,1480,50,2,1,1
12,10967,120,0,1,0
7,6800,70,2,2,2
112,526642,9000,0,10,30
3,2987,60,2,2,1
122,1642,120,2,1,1
26,526,27,0,1,0
21,1150,50,2,1,1
70,5000,80,1,2,1
7,3900,70,2,3,1
62,4190,70,2,2,1
12,4700,85,2,1,1
39,1500,90,2,2,1
26,1236,28,0,1,0
124,2500,63,2,2,1
12,3320,62,2,2,1
26,1440,72,2,1,1
59,3980,56,1,2,0
65,2750,40,1,1,0
92,1825,46,2,1,1
122,970,28,0,1,1
23,2149,42,1,1,0
67,3150,200,3,2,2
102,2900,73,2,3,2
61,1420,58,2,1,1
102,5700,144,3,4,2
83,1790,60,2,2,1
30,7001,330,5,3,0
49,1900,65,2,0,1
26,2900,48,1,1,0
65,5150,86,2,1,1
3,4388,121,2,3,3
67,2415,80,2,1,1
47,2071,49,1,2,0
60,1700,70,3,2,1
122,1650,48,2,1,1
89,1570,60,1,2,1
27,1670,53,2,2,1
19,2300,100,3,2,1
65,5250,60,2,1,1
67,5188,300,3,4,3
76,37972,1000,0,5,4
44,5292,162,2,2,0
10,1800,85,2,3,1
59,6375,115,3,3,1
67,2500,130,3,1,2
102,3250,103,3,2,2
89,2594,53,2,2,1
67,3650,130,3,4,2
30,2570,47,1,1,0
7,92000,1000,0,1,0
72,13766,300,4,3,2
67,3100,140,3,3,2
83,2254,86,2,3,1
26,1785,65,2,2,0
43,3026,72,2,2,1
124,2478,71,2,1,1
55,3530,80,1,2,1
12,5000,94,2,2,1
124,2824,80,2,2,1
102,3075,66,2,2,1
30,3772,70,2,2,0
7,2492,35,0,1,1
26,750,20,0,1,0
122,1895,62,2,2,1
47,1730,45,1,1,0
48,2330,80,3,1,0
20,970,54,2,1,1
134,2545,73,3,2,1
30,3340,60,2,1,1
122,1550,120,2,1,1
128,3175,64,2,2,0
7,2850,80,2,1,1
130,2590,108,2,2,1
73,15067,140,3,5,2
124,1390,34,1,1,0
12,3480,74,2,1,2
39,1500,93,2,3,1
79,2379,75,2,2,0
124,2550,72,2,1,0
15,1900,57,2,2,1
42,4360,35,1,1,0
113,890,49,2,1,1
102,3341,115,3,2,3
34,1129,120,2,1,0
20,1300,100,2,2,4
70,4070,50,1,1,1
124,2440,75,2,2,1
89,2313,65,2,2,1
12,4900,94,2,2,1
122,1378,24,0,1,1
134,2098,70,1,2,1
120,1847,63,3,1,1
51,1200,100,2,1,1
124,3395,112,3,2,1
73,3366,44,1,1,0
72,2365,38,1,1,1
90,43728,1161,0,0,0
30,1752,27,0,1,0
83,1817,53,2,2,1
39,1836,73,2,1,1
97,1925,64,2,2,1
26,1815,55,2,2,0
7,1966,60,2,1,1
26,1830,29,0,1,0
89,2250,68,2,2,1
134,1651,60,1,1,1
26,9169,225,0,3,0
26,5270,99,0,0,0
134,2760,91,2,2,2
3,4556,137,3,2,1
47,3015,82,2,2,1
30,1901,60,0,2,0
39,1782,100,2,1,2
67,2250,78,2,2,1
60,2470,90,2,1,1
119,3055,83,3,1,1
60,1800,75,2,1,1
122,1600,55,2,1,1
59,3600,48,1,1,0
137,1785,70,2,2,1
26,21664,447,0,7,0
79,3165,80,2,2,0
12,3125,50,1,2,1
124,2085,60,2,1,1
92,1740,54,1,1,1
89,2600,55,2,2,1
67,2730,80,3,3,1
20,950,52,2,1,1
7,1535,21,0,1,1
125,1560,55,2,1,1
69,1800,66,2,2,1
104,1740,65,2,1,1
20,1000,60,2,1,1
62,1990,51,2,1,1
30,2600,45,1,1,0
36,1232,35,1,1,1
35,1560,60,2,2,1
73,3490,45,1,1,0
70,5028,95,2,1,1
59,35700,330,4,5,3
31,2420,60,0,1,0
59,18337,205,3,3,2
94,1510,45,2,1,1
44,2037,66,2,1,1
43,2650,79,2,3,1
26,1050,33,0,1,0
67,3150,120,3,3,1
30,2685,47,1,1,1
70,3800,78,2,2,0
29,1400,50,2,1,1
97,1709,60,2,2,1
122,1462,55,2,2,1
120,1905,56,2,2,1
30,2550,47,1,2,0
20,1800,150,2,2,2
124,2908,73,2,3,1
83,2325,68,2,1,1
122,1610,100,2,1,1
48,2309,120,2,2,0
67,2250,78,2,2,1
124,3400,70,2,3,1
7,3500,90,3,2,1
136,1661,67,2,2,2
26,24239,640,0,3,8
7,16100,202,0,1,7
89,1070,25,0,1,1
20,1375,80,3,2,2
51,4024,180,4,3,1
2,1950,80,2,2,1
79,1648,65,2,2,1
7,3350,50,0,0,1
76,1300,80,2,1,0
97,2125,100,3,1,1
40,1733,65,2,2,1
12,2700,47,1,1,1
30,3429,84,2,1,0
26,1250,28,0,1,0
7,3594,70,2,2,1
134,2098,81,2,3,1
59,7930,91,2,3,1
134,2645,55,2,2,1
20,1680,134,3,3,1
124,1560,45,1,1,1
12,4900,94,2,2,1
109,1306,49,2,1,1
83,1421,83,2,1,1
124,6014,155,1,2,0
12,10726,283,0,2,0
90,3330,97,0,2,0
7,4300,100,3,3,2
124,3600,70,2,2,1
20,1040,52,2,1,2
12,5524,101,2,3,1
47,3580,75,2,2,1
12,3997,73,2,2,1
44,833,27,0,1,0
132,1700,50,1,1,1
20,1600,80,2,2,1
20,713,69,2,1,0
102,3625,81,2,2,1
12,3400,72,2,1,1
51,2200,70,1,1,3
90,1700,120,3,2,1
124,3093,80,2,2,1
44,1130,23,0,1,1
124,2730,92,3,1,2
20,1270,50,2,1,0
67,2398,70,2,2,1
76,785,20,0,0,0
120,1749,64,2,3,1
87,29932,3000,0,6,6
79,6500,196,1,3,0
83,2646,119,3,3,1
72,2169,47,1,2,0
97,1346,58,2,1,1
51,4600,350,5,6,2
125,2020,80,2,2,1
102,3597,100,3,3,2
122,1600,100,2,1,0
92,1190,70,2,2,2
100,1150,59,2,1,0
122,1455,50,2,1,1
124,1305,27,0,1,1
124,2450,95,3,1,1
44,2080,67,2,1,1
20,2210,95,2,3,2
6,4500,280,2,2,1
7,5767,129,3,2,2
83,950,50,1,1,1
65,4038,75,2,2,1
60,1735,50,2,1,1
67,3540,109,3,3,2
138,1620,70,2,2,1
67,2681,125,3,3,2
83,1750,27,0,1,0
30,12800,220,4,1,2
12,14167,184,0,2,0
83,1850,78,2,3,1
83,1760,70,2,2,1
83,1620,65,2,2,1
3,1518,46,2,1,1
30,3256,78,2,2,1
122,1150,25,0,1,1
20,1060,49,2,2,1
20,800,50,2,1,1
58,700,45,2,1,1
102,2730,70,2,2,1
59,4050,80,2,2,1
12,4869,59,2,3,1
83,1410,70,2,1,1
73,3900,70,2,1,0
30,3165,70,2,1,1
89,2250,60,2,1,1
60,1417,100,2,1,1
12,4910,90,2,2,1
65,4000,70,2,1,1
44,1550,69,2,2,0
122,1250,36,0,1,0
18,12900,440,0,2,0
103,11750,106,0,0,0
59,9500,150,3,3,1
97,1709,62,2,2,1
102,3324,84,3,2,2
99,1480,85,2,3,1
26,879,29,0,1,0
102,1770,45,2,1,1
74,3089,70,2,1,0
67,2325,75,2,1,1
60,1660,45,2,1,1
89,1061,32,0,1,1
26,1225,33,0,1,0
7,4559,55,1,1,1
30,2415,33,1,1,0
7,3600,80,2,2,1
30,1505,22,0,1,0
43,2784,94,2,2,2
12,3400,103,2,2,0
35,1990,300,2,2,3
43,1384,53,2,1,1
43,1467,50,2,1,1
76,1575,120,2,3,1
122,2300,80,2,2,1
12,2095,69,2,2,0
114,178,15,0,1,0
7,5509,30,0,0,4
26,3111,73,2,1,1
7,5395,125,4,3,2
105,2000,136,4,2,0
30,8755,103,2,2,3
23,2956,70,2,2,0
15,1500,66,2,2,1
60,2050,70,2,3,1
41,1633,50,2,1,0
134,2595,94,2,2,1
12,4118,71,2,2,1
124,2574,66,2,1,1
122,690,25,0,1,1
130,7300,222,4,3,3
119,2204,54,2,2,1
26,999,33,0,1,0
51,1165,63,2,2,1
21,2715,80,2,1,1
60,2180,70,2,1,2
30,3378,55,1,1,0
30,1400,35,1,1,0
48,2967,90,2,3,1
81,1080,50,1,1,0
40,1765,70,2,2,1
62,3850,68,2,2,1
26,1560,30,0,1,0
124,3717,98,3,2,1
72,3638,70,1,1,1
20,1435,100,2,2,1
102,3622,91,3,3,1
95,2794,68,2,2,1
2,1640,58,1,2,1
40,1670,80,2,1,1
100,58000,4400,0,0,0
12,3893,90,2,3,1
80,2052,139,2,2,1
12,3650,64,2,1,1
59,4640,85,2,1,0
74,4210,81,2,1,1
37,1265,40,2,1,1
120,1320,60,2,1,1
20,2050,90,2,2,1
83,1870,48,2,2,1
30,33450,223,0,0,2
124,2362,61,2,1,0
61,32600,601,4,4,4
60,1720,50,2,1,1
62,2064,52,2,1,1
83,1695,70,2,1,1
95,2230,93,2,2,2
134,1958,75,3,1,0
70,4024,85,2,3,1
20,1270,45,2,1,1
26,1185,28,0,1,1
30,3840,70,2,1,1
87,2000,300,2,2,1
20,1250,50,2,1,1
124,1892,65,2,2,1
64,1200,67,2,2,1
96,1788,63,2,1,1
90,1285,60,2,2,1
30,2897,80,2,2,0
89,2000,88,2,3,1
125,2050,50,2,2,1
21,1403,67,2,2,1
134,1274,50,2,1,0
40,1900,49,2,1,1
7,18150,250,4,6,3
30,3880,62,2,2,0
124,1800,55,2,1,0
7,8950,94,2,2,1
88,1262,55,2,1,2
30,1905,32,0,1,0
79,3032,76,2,1,1
7,5750,118,2,1,2
134,1900,87,2,1,0
62,2300,52,2,2,1
42,2448,58,1,2,0
124,2139,60,2,1,1
51,4000,75,0,0,0
59,37172,260,4,4,2
30,1150,30,0,1,0
30,1311,21,0,1,0
62,2020,48,2,1,1
118,3812,60,2,1,1
124,3437,135,2,1,2
89,1650,57,2,2,1
79,2082,67,2,2,0
79,1843,62,2,1,0
30,2986,70,2,1,0
20,1180,55,2,1,1
102,6598,210,4,4,4
88,1358,43,2,1,1
60,1950,92,2,1,1
124,2020,68,2,1,1
48,1560,65,2,2,0
20,1500,102,2,2,1
83,2324,69,2,2,1
83,1850,87,2,2,1
96,1480,49,2,1,1
40,1537,64,2,2,1
99,1850,56,2,2,1
12,1720,47,1,1,0
7,4450,100,0,2,1
26,825,41,0,1,0
7,30753,384,4,2,4
12,1870,35,1,1,0
119,2000,70,2,1,1
20,2958,230,5,6,4
84,1070,80,2,2,1
72,2200,50,2,2,0
95,1620,56,2,1,1
134,1364,50,1,1,1
15,1300,65,2,1,1
99,1250,55,2,1,1
60,1390,71,2,2,1
12,3210,62,2,1,1
20,2310,130,3,3,2
99,1780,70,2,1,1
26,2400,150,0,2,0
7,11997,179,4,2,3
102,1200,20,0,1,1
134,1770,50,1,2,0
12,3602,70,2,1,1
45,1664,42,1,1,0
83,1960,70,2,1,1
47,2200,55,1,0,0
134,2350,80,2,1,1
26,1000,31,0,1,0
124,2065,78,2,2,0
39,2200,300,3,4,0
83,1610,70,2,1,1
85,1200,60,2,1,1
26,22100,538,0,0,0
90,1657,83,2,2,1
59,6800,110,2,3,1
15,2085,54,2,1,1
44,1570,47,1,1,2
15,1665,60,2,1,1
83,2200,65,2,2,1
123,1910,68,2,2,1
59,16685,120,3,4,1
44,998,23,0,1,1
7,9543,126,3,2,2
124,2190,50,1,2,1
26,2265,28,0,1,0
134,1914,60,2,1,1
20,1010,50,2,1,1
67,2640,87,2,1,1
60,2310,70,2,2,1
72,3170,65,2,1,1
124,3106,80,2,1,1
93,1439,49,2,1,1
20,1450,120,2,1,1
26,2146,72,2,2,0
119,3792,282,3,3,2
92,1850,150,2,1,1
60,1890,53,3,2,1
23,2955,62,2,2,1
122,1245,90,3,1,1
83,1952,57,3,2,1
7,1684,32,0,1,1
65,4364,84,2,2,1
132,1500,60,1,0,1
102,1455,22,0,1,1
12,27846,241,0,2,3
62,1270,22,0,0,1
7,14150,113,0,0,3
42,3955,67,2,1,1
104,2086,49,1,1,1
42,4707,66,2,2,1
59,3550,38,1,1,1
44,1224,25,0,1,1
52,1728,37,1,1,1
40,1620,60,2,2,1
124,2353,60,2,1,1
59,4577,85,2,2,1
3,1800,56,2,1,1
110,1120,45,2,1,1
2,2570,91,2,2,1
124,1804,54,2,1,0
83,1497,85,2,1,1
62,1050,70,2,1,1
125,1700,55,2,1,1
124,2700,65,2,1,1
15,1770,60,2,2,1
124,2870,65,2,2,1
30,4600,75,2,2,1
12,4086,75,2,1,1
18,1650,50,2,1,1
102,3500,65,2,1,1
26,3374,138,0,2,0
52,5816,108,3,3,1
90,1665,55,2,1,1
89,2150,68,2,2,1
52,2985,80,2,1,0
30,2316,40,1,1,0
20,1150,47,2,1,1
83,2230,93,2,1,1
42,4419,73,1,1,1
122,1735,65,2,2,1
83,1583,100,2,2,0
136,1900,67,2,2,1
124,2500,75,2,2,0
26,1040,27,0,1,0
20,4000,480,4,5,5
92,1600,63,2,1,1
30,3000,46,1,0,1
125,1235,60,2,1,1
102,2900,72,2,2,1
89,1180,64,2,1,1
79,2790,130,3,2,1
7,13763,130,0,2,4
7,2100,25,0,1,1
59,13393,116,2,2,1
20,780,72,2,1,1
124,2200,60,3,2,1
102,2930,80,2,2,1
26,1250,31,1,1,0
42,2110,42,1,1,0
7,2632,45,0,1,1
7,8000,380,5,4,4
60,1244,55,2,1,1
124,3822,46,0,1,2
76,960,60,2,1,0
15,2000,100,2,2,1
117,1400,42,0,1,1
122,2010,70,2,2,1
40,1770,63,2,2,1
123,2100,78,2,2,1
83,2328,57,2,2,1
92,1630,80,2,2,0
83,2400,55,2,1,1
20,1611,57,3,1,1
43,2400,80,2,3,1
26,5622,116,0,2,0
7,125000,210,0,2,19
7,3410,42,0,0,1
12,4470,84,2,1,1
60,1526,45,2,1,1
124,3130,106,3,2,2
60,1315,70,2,2,1
62,2565,76,2,2,1
106,2191,81,2,2,0
20,1550,70,2,1,1
83,2360,80,2,2,1
89,1210,48,1,1,1
20,1050,46,2,1,1
102,1450,45,1,1,1
93,945,50,2,1,1
106,2050,45,2,1,1
60,1857,47,2,1,1
15,2071,48,2,1,1
98,1800,50,1,1,0
92,865,90,2,1,0
12,3486,62,1,1,1
79,2148,44,1,2,1
80,1750,105,3,2,1
12,4069,90,2,1,1
30,7680,166,0,0,2
91,4630,378,0,4,0
30,5800,160,4,3,1
3,2090,64,2,2,1
30,2805,45,2,2,1
30,2800,46,1,0,1
124,2108,61,2,1,1
60,1030,50,2,1,2
83,1675,56,1,1,2
30,2997,83,2,2,0
136,1588,70,2,1,1
26,1220,30,0,1,0
67,2760,92,3,2,2
30,2760,69,2,2,0
124,1597,35,1,1,0
43,2907,92,3,3,1
124,3007,80,2,2,1
20,1150,65,2,1,1
122,1180,32,0,0,1
102,1650,25,0,1,1
124,5050,150,4,3,2
136,1750,65,2,1,1
125,1055,60,2,1,0
83,1715,70,2,2,1
93,1322,80,2,2,1
30,3840,75,2,2,1
106,2400,75,2,1,2
70,5290,87,2,1,1
57,1250,60,2,1,1
60,1447,65,2,1,1
99,1470,102,2,2,1
55,3900,82,2,1,1
134,2630,78,2,1,1
60,1290,60,2,1,1
7,1400,22,1,1,0
20,2303,98,2,1,1
30,4300,132,3,3,0
30,1739,40,1,1,0
30,3480,72,2,2,0
89,1101,21,0,1,1
30,3900,80,2,2,1
30,2461,45,1,1,0
112,3900,165,0,2,0
83,1561,46,1,1,1
124,2730,75,2,1,0
99,1320,50,2,1,1
44,1849,68,2,1,1
60,1600,80,2,1,1
26,1740,36,0,1,0
60,1420,57,2,1,1
34,2250,65,2,1,2
38,1475,50,2,1,1
12,5100,91,1,2,1
17,11692,3335,0,0,0
3,1450,50,2,0,1
20,900,43,2,1,1
48,4100,140,4,2,3
95,1900,42,2,1,1
125,2223,52,2,2,1
7,4600,90,3,3,1
124,2840,80,3,3,1
112,3800,75,0,1,1
83,2560,46,1,1,1
83,2046,62,2,1,0
40,1701,60,2,2,1
124,1561,36,1,1,0
12,9100,54,0,1,1
26,1935,55,2,2,0
122,1650,63,2,2,1
123,1700,61,2,1,1
4,5200,88,2,3,2
30,5496,51,2,2,1
79,1730,67,2,1,0
124,3106,130,3,1,0
20,1402,50,2,1,1
99,1430,64,2,2,1
136,2800,120,3,4,1
26,1786,55,0,1,0
122,1100,50,2,1,1
30,1450,25,0,1,1
82,1710,50,1,1,1
136,1405,44,2,1,1
122,1750,63,2,2,1
102,1385,30,0,0,1
80,1370,60,2,1,2
99,2129,45,2,1,1
26,1800,59,0,0,0
134,2085,81,2,2,1
39,1620,80,2,2,1
30,10174,90,2,2,2
70,13800,187,3,2,2
60,1220,61,2,1,1
62,2200,50,2,1,1
26,1440,60,0,1,0
59,4800,56,2,2,1
124,3230,85,2,2,1
119,75000,2500,0,0,0
20,1220,45,2,1,1
89,2000,55,2,2,1
97,1003,48,2,1,1
20,1657,55,2,1,1
60,1950,90,2,1,1
89,2311,220,3,2,3
98,5000,420,0,2,0
99,1861,60,2,1,1
124,3030,65,2,1,1
21,1445,80,3,1,2
102,1375,30,0,1,1
40,1454,56,2,2,1
47,2060,44,1,2,0
30,4920,146,3,2,0
7,9300,140,4,3,2
42,4341,139,3,3,1
92,1020,44,2,1,1
110,1000,48,2,1,1
20,1160,45,2,1,1
122,1510,57,2,1,1
2,2920,72,1,1,1
3,2130,70,2,1,1
120,1620,55,2,1,0
43,1821,55,2,1,1
7,4300,90,1,1,1
72,3057,95,3,2,0
2,1665,55,1,2,1
26,1280,35,0,1,0
71,2150,35,1,1,1
26,1620,28,0,1,1
26,1730,55,1,2,0
84,1765,65,2,1,1
134,1862,49,2,1,1
60,1180,45,2,1,2
26,1020,30,0,1,0
89,1800,50,2,1,1
15,1690,48,2,1,1
52,5440,92,3,2,1
89,2200,110,3,3,1
124,1540,33,0,0,1
60,1300,70,2,1,1
20,4990,285,6,5,4
134,1760,62,2,1,1
26,1150,21,0,1,0
26,1083,32,0,1,0
51,1200,65,2,1,1
40,1800,48,2,1,1
83,1760,64,2,1,1
129,2700,90,3,3,1
30,3227,67,2,2,1
20,1600,43,2,1,1
26,17000,600,0,0,0
20,1126,21,0,0,0
12,5650,94,2,3,1
2,3315,85,2,2,2
39,1474,55,2,1,1
26,1299,34,0,1,0
26,3740,90,0,2,0
61,2255,130,2,1,2
16,2420,100,3,3,2
67,3700,160,3,2,2
124,2286,61,2,2,1
26,1050,30,0,1,0
94,3200,170,3,3,3
76,1150,37,0,0,1
3,1800,50,2,1,1
90,1675,50,1,1,1
40,1900,55,2,2,1
92,1350,120,2,1,2
11,1700,150,2,1,0
102,1101,23,0,0,1
15,1835,50,2,1,1
89,1538,34,0,1,1
15,1720,48,2,1,1
59,19623,123,1,3,0
62,4200,75,0,3,3
7,5370,80,2,2,1
90,1536,93,2,2,1
124,1580,50,2,1,0
33,1250,42,2,1,1
83,1690,67,2,2,1
121,1220,74,2,1,1
83,1690,65,2,2,0
76,1027,45,1,1,1
30,3500,60,2,1,0
42,2607,50,1,1,0
69,2100,66,2,2,1
35,2147,52,2,2,1
33,850,43,2,1,1
12,5650,95,2,4,1
92,1150,60,2,1,1
40,1300,60,2,2,1
12,4315,37,0,1,1
75,1100,54,1,1,0
42,19115,280,4,5,1
20,1450,52,2,1,1
20,1442,62,3,1,1
72,2293,41,1,1,0
12,4000,85,2,1,1
79,2628,78,2,2,1
91,1800,43,0,0,0
69,1900,50,2,1,1
90,1600,110,2,1,1
26,875,250,0,10,0
20,1060,55,2,1,1
122,1851,117,2,1,1
124,1041,30,0,1,1
83,2965,127,2,4,1
43,2070,60,2,1,1
97,1220,53,1,1,2
23,4429,120,2,3,0
2,2340,70,2,1,0
89,1200,46,1,1,1
12,4830,104,3,3,2
11,1766,48,2,1,1
26,965,23,0,1,0
7,16500,320,4,6,5
30,50500,137,0,3,0
3,1900,50,2,1,1
92,1110,50,2,1,1
40,1716,69,2,2,1
134,2417,240,3,4,4
21,2259,272,3,2,1
26,2000,43,1,0,0
93,1220,60,2,1,1
68,8150,210,3,2,3
42,3000,70,2,2,0
26,1640,49,0,1,0
26,850,30,0,1,0
90,3609,274,3,2,1
60,1096,60,2,1,1
21,1500,50,2,1,1
121,2009,49,0,1,1
125,1310,50,2,1,1
62,3300,75,3,3,0
72,5600,65,2,2,1
2,4191,75,2,2,1
20,1206,46,2,1,1
64,1720,120,2,1,1
57,1250,45,1,1,1
30,3140,50,1,1,0
122,1503,50,2,1,1
20,1150,70,2,1,1
60,1100,50,2,1,1
89,1510,80,2,1,1
102,4407,84,2,2,2
83,1766,71,2,1,0
12,4578,91,2,3,1
83,2273,70,2,1,1
30,3856,85,2,1,1
48,2170,78,2,1,1
124,2570,90,2,1,0
47,1876,33,1,1,0
7,2708,58,2,1,1
62,2993,160,3,3,1
26,770,25,0,1,0
79,2225,82,3,1,1
12,3905,72,2,1,1
119,2035,50,2,1,1
134,2235,65,2,2,1
67,1700,75,2,1,1
7,1700,22,0,1,1
89,1010,20,0,1,1
40,1190,66,2,1,1
21,1032,82,2,1,1
20,1350,47,2,1,2
97,1103,61,2,2,1
30,1610,38,1,1,0
119,1140,42,2,1,1
68,5659,86,2,2,2
44,1530,34,0,0,1
124,2597,47,1,1,1
124,2728,77,3,2,1
43,1788,57,2,1,1
15,1832,52,2,2,1
21,1212,43,2,1,1
100,1200,65,2,1,1
89,2110,73,2,1,1
26,836,22,0,0,0
7,11200,120,3,3,3
42,3775,78,2,1,1
15,1420,50,2,1,1
60,2100,105,2,2,1
7,1230,27,0,1,1
83,1789,74,2,2,1
122,1500,74,2,1,1
102,2150,40,0,1,1
102,1650,31,0,0,1
44,1690,47,2,1,1
97,1791,66,2,2,1
97,1660,65,2,1,1
42,1540,37,1,1,0
54,1050,55,2,1,1
26,685,30,0,1,0
102,6200,115,2,2,0
90,1251,55,2,1,1
57,1160,60,2,1,1
76,1850,44,2,1,1
26,900,23,0,1,0
26,11130,293,0,3,0
30,4060,114,2,1,1
102,1100,27,0,1,1
104,1826,65,2,1,1
41,1620,60,2,1,1
102,2040,52,0,0,1
85,3009,93,2,1,1
40,1289,47,2,1,0
60,1360,45,2,1,1
43,2189,50,2,1,1
97,1741,64,2,3,1
62,1876,70,2,1,1
122,1300,65,2,1,1
126,1107,60,2,1,1
83,1950,63,3,1,1
26,1001,24,0,1,0
83,1146,50,2,1,1
26,850,32,0,1,0
20,1450,41,2,1,1
80,1395,140,2,1,1
70,4718,94,2,2,0
62,1000,65,2,1,1
124,3150,75,2,2,0
83,1300,60,1,1,1
7,1500,37,0,1,1
62,1300,53,2,1,0
15,1660,60,2,1,1
60,1600,58,2,1,1
119,2145,47,2,1,1
35,2644,65,3,2,1
74,2738,60,1,1,0
103,1090,55,3,1,0
124,1200,24,1,1,1
122,1620,60,1,1,1
83,3100,60,2,2,1
20,1347,57,3,1,1
43,1370,60,2,1,1
26,731,26,0,1,0
122,1300,75,2,1,0
74,4265,76,2,2,1
26,21430,397,0,5,0
20,1100,66,2,1,1
7,4099,65,2,3,1
20,1290,43,2,1,1
40,1900,57,2,1,1
26,1270,35,0,1,0
124,2350,90,2,1,1
76,1370,50,2,1,1
80,1256,84,2,1,0
84,1055,54,2,1,1
62,5200,83,2,3,1
44,1640,49,1,1,1
20,1022,44,2,1,1
60,2329,70,2,1,1
58,850,55,2,2,1
134,3770,90,2,2,1
2,2440,70,2,1,0
20,2008,120,3,1,1
60,1298,54,2,1,1
11,1930,80,2,1,1
26,1548,59,0,1,0
111,1684,55,2,1,1
102,7000,137,3,3,3
12,3755,60,2,2,1
78,8050,445,0,2,0
55,3530,60,1,2,1
7,1615,30,0,1,1
122,1590,48,2,1,1
122,1466,70,2,1,1
89,1800,80,2,1,1
83,3200,90,3,2,2
73,84782,326,0,10,4
122,1620,72,3,2,1
26,882,25,0,1,0
26,880,24,0,1,0
119,3702,73,0,2,0
102,1570,36,0,1,1
89,1425,49,2,1,1
7,4006,80,2,1,1
44,1336,27,0,0,1
26,1660,95,0,2,0
42,3780,80,2,2,0
85,1010,47,2,1,0
47,3605,117,4,2,0
34,2100,55,0,1,1
40,1854,55,2,1,1
38,1150,50,2,1,1
60,2730,65,3,2,1
85,1250,67,2,1,1
21,1124,45,2,1,1
57,1145,50,2,1,1
20,3210,380,4,4,3
12,4890,70,2,2,1
91,5189,380,0,2,0
134,2273,80,3,3,1
26,14857,1131,0,5,0
26,916,32,0,1,0
7,1565,30,0,1,1
2,1220,36,1,1,0
3,1900,44,2,1,1
83,1700,63,2,2,1
20,1200,60,2,1,1
60,1200,40,2,2,0
26,1155,36,1,1,0
30,4447,100,3,3,1
54,970,45,2,1,1
93,1210,50,2,1,1
20,1098,58,2,1,1
124,3472,82,2,2,1
60,1370,62,2,1,1
83,1240,56,2,1,1
60,885,50,2,1,1
67,1459,82,2,2,0
83,2440,55,2,2,1
20,1665,40,0,0,0
13,3440,380,0,2,0
47,10000,360,0,5,12
7,2147,30,0,1,1
79,2374,70,2,2,1
124,2267,56,2,1,1
20,1150,45,2,1,1
30,2838,80,2,1,0
102,1509,29,0,0,1
89,1538,22,0,1,1
134,2095,54,2,2,1
85,1300,70,2,1,1
26,37976,648,0,2,0
83,2184,65,2,1,1
134,2680,80,2,1,1
124,1260,24,1,1,1
85,1062,60,2,1,1
92,1350,40,2,1,1
83,1470,62,2,2,1
71,1800,34,1,1,0
0,1287,90,2,1,0
21,2000,68,2,1,1
62,4100,75,2,2,1
30,1524,36,0,1,0
124,2225,35,0,1,0
7,6210,96,0,0,1
40,1360,95,3,2,1
98,1550,55,2,1,0
93,1028,47,2,1,1
124,1350,28,0,1,0
26,1173,27,0,0,0
102,1350,25,0,0,1
60,1150,72,2,1,1
43,3600,72,3,2,1
92,870,52,2,1,1
134,2159,65,2,1,1
7,1165,30,0,0,1
65,1730,31,0,1,0
7,1580,35,0,0,1
28,1200,59,2,1,1
72,3520,78,2,1,0
92,1544,50,1,1,1
122,1229,50,2,1,1
20,1140,45,2,1,1
83,935,45,0,1,0
26,900,34,0,1,0
7,1513,22,0,1,1
7,36200,400,4,3,2
7,2210,22,0,0,0
79,1350,55,1,2,1
42,4414,105,2,1,1
111,1500,49,2,1,0
40,1365,55,2,2,0
23,2058,42,1,1,0
89,1450,52,2,1,1
89,3340,78,3,2,1
26,1100,35,1,1,0
85,1180,48,1,1,0
93,1700,50,2,1,1
47,1643,50,1,1,0
26,1145,30,0,1,0
7,2824,51,0,1,0
26,1190,45,0,1,0
12,2052,40,1,1,1
20,900,80,2,2,0
41,15350,1550,0,2,0
26,2500,38,1,0,1
59,2497,40,1,1,0
7,4090,50,1,1,1
44,1280,28,0,0,1
30,3376,70,2,1,0
89,975,20,0,1,1
20,1405,45,2,1,1
20,1020,100,2,1,1
20,1320,50,2,1,1
136,1800,59,2,1,1
26,765,30,0,1,0
7,2825,50,0,1,1
79,2511,73,2,1,1
30,14805,172,4,2,1
2,1600,59,2,1,0
122,1820,44,0,1,1
20,1110,43,2,1,1
83,1400,46,2,1,1
124,2640,71,2,1,1
26,1530,46,1,1,0
26,1035,30,0,2,0
26,1064,33,0,1,0
30,5635,130,2,2,1
100,14000,530,3,4,10
40,1477,84,3,2,1
121,1451,75,2,1,1
122,3204,66,0,0,1
20,722,90,2,1,1
124,1968,90,2,1,1
26,2230,30,0,1,0
55,3360,83,2,1,0
2,2070,65,2,1,1
102,1312,28,0,1,1
92,1240,60,1,1,1
70,2673,50,1,1,0
73,28004,325,4,1,3
119,38882,3200,0,4,10
124,1800,40,2,1,0
93,942,54,2,1,1
12,2410,42,1,1,0
48,2250,65,2,2,1
134,2528,76,2,3,1
91,1200,68,2,1,1
134,1306,44,2,1,0
21,1145,40,2,1,1
130,1530,60,2,1,1
43,1570,67,2,1,1
79,3945,96,2,2,2
124,3000,90,3,2,1
35,1615,30,0,1,1
124,2550,125,3,1,1
44,1555,58,2,1,1
83,1110,50,2,1,1
122,1700,55,2,1,1
137,1850,82,2,1,1
20,1180,50,2,1,1
62,1617,58,3,1,1
83,1850,53,2,2,1
44,1211,24,0,1,1
47,1604,33,1,1,0
59,4769,87,4,2,0
122,1850,76,1,1,1
51,1100,46,2,1,1
103,1200,66,2,2,0
64,1330,70,2,1,1
20,930,50,2,1,1
12,2505,40,1,1,0
115,1100,44,2,1,1
62,1590,42,1,1,1
44,1336,28,0,0,1
42,3850,106,3,3,0
26,1050,25,0,1,0
48,2363,80,2,2,1
40,1600,55,1,1,1
21,1687,130,3,2,2
26,1154,28,0,1,0
12,4150,85,2,3,0
2,2154,70,1,1,1
26,766,25,0,1,0
84,1300,56,2,1,1
30,2077,40,1,1,0
7,3908,60,2,2,1
60,1010,50,2,1,1
60,1535,79,2,1,0
124,2735,90,3,3,1
79,1970,79,2,1,0
15,1424,71,2,2,1
26,1286,53,0,0,0
7,3374,70,1,1,1
44,1210,23,0,1,1
119,1647,50,2,1,0
26,1074,30,0,1,0
101,1100,89,2,1,1
26,1030,24,0,1,0
68,8720,252,2,5,2
7,1227,27,0,0,1
122,1693,65,2,1,1
89,2445,80,2,2,1
83,1710,75,3,1,1
102,1387,31,1,1,1
26,1606,29,0,1,0
79,2980,68,2,2,1
40,1420,90,2,2,0
21,1260,70,2,1,1
44,1910,68,2,2,1
124,4060,100,3,3,1
79,3450,89,2,2,1
26,910,17,0,0,0
125,2800,57,2,2,1
83,2018,70,2,2,1
43,1726,70,2,1,1
1,16235,1437,0,0,0
26,1230,34,0,1,0
34,1500,68,2,1,1
20,1270,50,2,1,1
43,1560,50,2,1,1
26,2383,50,1,1,0
99,1025,60,2,1,1
19,2134,64,2,1,1
2,2000,58,1,1,1
124,2149,74,2,1,1
134,2755,56,1,1,1
84,2600,75,2,2,1
20,972,60,2,1,1
124,2040,63,2,2,0
30,2335,45,1,1,0
26,713,28,0,1,0
44,950,25,0,1,1
26,1250,40,0,1,0
20,907,60,2,1,1
124,4545,110,3,2,2
20,1050,42,2,1,1
7,2000,38,0,1,1
102,16900,300,0,3,8
64,1100,50,2,1,1
26,2190,65,0,1,0
20,963,70,2,1,2
19,1366,60,2,1,1
97,1200,116,3,2,1
83,900,78,3,1,1
30,1304,29,1,1,0
106,3166,68,2,1,1
20,1955,80,2,1,1
124,2030,60,2,2,0
44,2350,77,3,2,1
30,1393,40,0,1,1
20,982,55,2,1,1
26,2120,68,0,1,0
122,1443,60,2,1,1
38,2556,52,2,1,2
20,1285,48,2,1,1
20,763,48,2,1,1
39,1275,65,2,1,0
39,1530,55,2,1,1
59,10700,210,3,3,2
7,20573,202,0,2,7
89,5260,50,0,1,2
124,2050,60,2,1,0
72,4145,90,2,2,0
124,2928,120,3,3,0
62,2675,51,2,1,1
89,1250,66,2,1,1
20,775,50,2,1,1
79,6050,88,2,3,1
111,2075,37,1,1,0
6,3000,80,0,1,0
60,3079,300,4,3,7
89,1100,43,2,1,1
7,1911,35,0,1,1
83,1700,68,2,1,0
20,918,49,2,1,1
79,2492,76,1,2,1
131,1640,27,0,1,1
102,1550,27,0,0,1
83,1520,63,2,1,1
62,1560,55,2,1,1
15,1760,72,3,2,0
60,1665,60,3,2,1
40,1512,50,1,1,1
102,1864,54,0,1,1
30,3417,80,3,1,0
102,1146,27,0,0,1
100,2000,105,3,2,2
22,1415,33,0,1,0
124,1864,125,3,2,0
7,550,23,1,1,1
60,3052,150,3,4,3
120,1890,50,2,1,1
20,942,45,2,1,1
70,2300,36,1,1,0
106,1450,70,2,1,0
124,4052,47,0,1,1
102,1880,39,1,0,1
20,831,49,2,1,1
26,740,29,0,0,0
60,1750,70,2,1,0
12,2031,25,0,1,0
122,1030,50,2,1,1
79,1990,90,2,1,1
20,1712,42,2,1,0
7,1830,25,0,1,1
122,1085,45,1,1,1
124,2120,60,2,1,0
30,3849,132,3,1,1
30,2142,60,0,1,0
43,1530,60,2,1,0
20,1018,60,2,1,1
83,2592,82,3,2,1
42,1848,33,1,1,0
26,668,30,0,1,0
31,9000,1000,0,0,0
26,1499,72,0,0,0
59,80000,400,0,2,0
66,16400,201,0,2,0
20,2222,200,2,2,2
26,1136,36,0,1,0
26,1098,32,0,1,1
73,2960,30,1,1,0
99,1550,82,2,2,0
83,2780,70,2,2,1
114,734,30,0,1,0
20,1650,68,3,1,1
20,900,47,2,1,1
10,990,65,2,1,1
124,1275,30,0,1,0
113,870,56,2,1,0
102,2200,47,1,1,1
42,2237,35,1,1,0
20,1250,41,2,1,1
7,2250,35,0,1,1
89,1167,40,2,1,1
26,1065,34,0,1,0
40,1786,76,2,1,1
26,1165,28,1,1,1
109,1010,60,2,1,0
106,1271,59,2,2,0
26,11700,311,0,1,0
83,2218,110,3,1,0
83,3608,155,3,1,1
20,900,50,2,1,1
130,1838,70,3,1,1
89,1230,50,2,1,0
65,3025,50,2,1,0
134,1220,30,0,1,0
122,1000,28,0,1,0
30,5760,110,2,2,1
89,1092,21,0,1,1
26,1234,35,1,1,0
124,4499,174,1,6,0
26,1590,44,0,1,1
43,1697,55,2,1,1
20,1029,48,2,1,1
30,22300,200,0,2,0
62,1955,43,1,1,1
42,4530,107,3,3,1
26,1615,49,1,1,0
83,1657,70,2,2,1
20,1200,43,2,1,1
126,1000,55,2,1,1
134,1690,59,2,1,0
72,1453,24,0,1,0
73,4450,59,2,2,0
2,2009,70,2,2,1
40,1765,54,1,1,1
65,2498,47,1,1,0
99,1566,45,2,1,0
134,1950,95,3,1,1
89,1330,45,2,1,2
43,1552,50,2,1,1
124,1680,55,1,1,0
89,2273,80,3,1,1
60,1250,75,2,1,2
26,1199,28,0,1,0
15,1550,80,3,1,1
11,1365,58,2,1,0
38,1400,52,2,1,2
27,1579,60,2,1,0
19,1331,44,2,1,1
122,1385,60,3,1,1
7,4417,76,2,2,1
60,2450,100,2,2,1
19,1690,47,2,1,1
48,3100,90,3,2,1
47,1930,45,1,1,0
20,893,45,2,1,1
48,1995,81,3,2,1
20,810,47,2,1,1
30,10210,276,4,4,2
79,2300,64,2,1,0
83,1570,70,3,1,1
26,1191,60,0,1,0
83,1490,58,2,2,1
89,1050,50,1,1,1
26,1693,31,0,1,0
15,1398,60,2,1,0
83,2610,100,3,2,2
83,1730,62,3,1,2
74,2130,36,1,1,1
42,2150,36,1,1,0
102,1410,26,1,1,1
26,1265,54,0,2,0
20,1201,130,0,2,1
60,1600,70,2,2,0
20,1045,43,2,1,1
124,2564,69,2,2,1
26,800,36,0,1,0
124,2547,62,1,1,1
20,910,52,2,1,1
26,1350,48,1,1,0
30,12800,268,3,4,1
20,930,45,2,1,1
83,1443,82,3,1,1
124,2443,58,2,2,1
89,1360,40,1,1,1
42,6075,74,2,2,1
42,4299,130,3,4,1
124,2615,86,3,3,1
100,1964,60,2,2,1
0,1200,90,2,1,0
12,2550,85,2,1,0
26,1480,33,0,1,1
2,2035,69,2,1,1
83,1322,62,2,1,1
89,1150,50,2,1,1
15,1605,50,2,1,0
125,1510,50,2,1,1
136,5030,240,2,4,5
40,2076,50,2,1,1
20,1190,51,2,1,1
83,1880,74,3,2,1
30,1833,31,2,1,0
26,16000,396,0,4,0
122,3070,250,3,3,5
42,8000,200,4,3,1
134,1668,55,1,1,1
30,3147,63,2,1,0
89,1650,54,2,1,1
117,1353,42,0,1,1
130,1520,63,2,1,1
20,3600,128,0,2,0
26,3402,66,0,1,0
7,3311,65,1,1,1
20,880,48,2,1,1
83,1635,66,2,1,0
30,1760,35,1,1,0
102,1550,31,0,0,1
7,3750,32,0,0,1
26,13921,290,0,2,0
73,35000,260,3,3,2
21,1403,72,2,1,1
89,1751,60,2,2,2
26,1145,30,1,1,0
126,750,45,2,1,1
30,2300,50,1,1,0
125,1300,70,2,2,0
26,1468,36,0,1,0
83,1610,102,3,2,0
76,1350,47,2,1,0
26,2950,65,0,0,1
43,2500,88,2,2,1
122,1150,19,0,1,1
125,1300,60,2,2,0
62,1340,30,0,1,0
15,1230,96,2,1,0
30,1985,45,1,1,0
35,1500,70,2,1,0
12,2011,34,1,1,0
83,2303,73,2,2,1
30,3810,68,2,1,1
12,6206,110,3,3,2
124,1740,50,1,2,0
7,3800,120,0,1,1
124,1718,44,1,1,0
15,1395,90,2,1,0
26,971,33,0,1,0
83,1512,80,2,1,1
38,1510,45,2,1,0
89,2800,67,2,2,1
26,1556,53,1,1,0
57,1038,60,2,1,1
26,2130,50,1,1,0
124,1862,60,1,1,1
40,1430,78,3,1,1
88,175428,7974,0,10,10
122,1150,60,2,1,1
26,1213,34,1,1,0
73,25500,330,4,5,2
34,773,24,0,0,0
26,2396,48,0,1,0
83,2400,85,2,1,1
44,1150,52,2,1,1
83,1465,80,2,1,1
74,4560,93,2,1,2
30,2915,49,0,1,1
84,1313,90,2,1,0
102,1450,28,0,0,1
96,4342,158,3,5,2
124,3139,95,2,2,2
62,3786,82,0,2,2
89,1458,44,1,1,1
60,2080,66,3,2,1
89,1743,60,2,2,1
48,4130,210,4,3,3
2,1940,60,1,2,1
30,4650,82,2,1,1
73,29700,669,4,4,4
12,57600,457,0,2,0
134,2390,70,2,2,1
44,1605,57,2,1,0
40,3750,200,5,6,2
26,1943,47,1,1,0
26,1062,32,0,1,0
12,4680,98,2,2,1
102,1880,40,0,1,0
43,2200,69,2,2,1
26,1137,27,0,1,0
39,3325,200,1,5,1
93,1470,57,2,1,8
15,1400,80,2,1,0
51,1010,43,2,1,1
43,2311,75,2,1,1
41,2925,80,2,2,0
119,1520,50,2,1,0
59,4048,50,1,1,0
60,1350,75,2,1,0
83,1910,52,1,2,1
21,1475,95,3,1,1
7,150000,1500,1,1,80
26,1967,42,0,1,0
26,1505,50,1,1,0
134,2553,160,4,3,1
26,1007,37,0,0,0
26,880,26,0,1,0
90,3350,90,2,1,2
26,780,24,0,1,0
26,1341,34,0,1,0
106,1730,60,2,1,0
27,1891,70,2,1,0
90,950,60,2,1,1
102,7826,244,3,5,4
33,1311,49,2,1,1
108,1280,45,2,1,1
11,1342,54,2,1,0
26,2495,86,2,1,0
20,1100,100,2,2,1
30,3624,62,2,1,0
55,4382,52,0,1,0
21,935,70,1,2,1
35,1980,78,2,1,1
39,1315,70,2,1,1
20,60952,612,0,2,12
124,2382,160,3,2,0
44,3600,150,3,4,1
15,1493,70,2,1,0
40,1289,47,2,1,0
122,1150,42,1,1,1
90,1200,90,2,1,0
101,950,47,0,1,0
26,1060,25,0,1,0
26,1165,32,0,1,0
26,1422,30,0,1,0
43,2400,75,2,2,1
26,1480,33,0,1,0
79,2300,46,1,1,1
83,1754,66,2,1,2
26,13200,200,0,2,0
111,1120,48,1,1,0
102,3381,65,2,2,1
100,1480,55,2,1,0
48,2040,55,1,1,1
26,1074,25,0,1,0
20,865,55,2,1,1
7,1607,28,1,1,0
39,1346,48,2,1,1
124,3200,78,3,2,1
6,16762,5453,1,1,0
59,9278,136,3,4,2
125,2610,76,3,3,2
106,2415,90,2,2,1
20,1250,50,1,1,1
89,903,18,0,0,0
102,3984,88,3,1,1
7,1910,36,0,1,1
26,1545,50,1,1,0
15,1502,57,2,1,1
122,1700,60,2,1,1
26,930,29,0,1,0
30,1430,40,0,1,0
20,2730,95,3,2,1
40,35000,2081,0,0,40
12,2200,70,1,1,0
20,1010,47,2,1,1
59,3005,35,0,1,0
83,1330,60,2,1,0
7,2191,37,0,0,1
26,810,28,0,1,0
21,1200,40,2,1,1
34,1760,45,2,1,1
30,1250,28,0,1,0
30,3709,85,2,2,1
26,1375,50,1,1,0
20,950,40,2,1,1
102,2910,59,2,2,1
72,3850,110,2,2,1
7,5607,106,3,2,2
12,8100,126,3,3,2
30,2365,45,1,1,0
7,1830,36,0,1,1
39,1150,68,2,2,0
97,1400,70,2,1,0
40,920,65,2,1,0
67,2100,54,1,1,0
40,1705,85,3,3,1
124,3650,85,3,2,1
60,1200,71,3,2,0
30,7100,50,2,1,0
30,1304,27,0,1,0
26,1395,28,1,1,0
15,1410,60,2,1,0
122,1400,46,2,1,1
26,1435,35,0,1,0
26,931,29,0,1,0
103,1300,53,1,2,0
73,7058,39,1,1,0
57,980,60,2,1,0
89,985,22,0,1,1
79,2349,47,1,1,1
12,6366,160,0,2,0
7,1433,31,0,1,1
100,1946,75,3,1,1
102,1650,35,0,0,1
110,940,50,2,1,1
26,1181,31,0,1,0
12,58912,669,0,8,0
26,1198,33,0,1,0
30,1668,34,0,1,0
59,7519,90,3,2,1
83,2097,56,2,2,1
103,1470,70,2,2,0
26,1100,35,0,1,0
90,1475,72,2,2,0
30,5300,183,3,2,1
89,2465,120,3,2,2
83,1610,73,2,1,0
134,2820,65,2,1,1
30,4600,85,2,3,2
124,3450,100,3,3,1
76,970,50,2,1,0
11,1215,57,2,1,0
11,1600,70,2,2,0
40,2100,70,2,3,1
70,3800,78,2,2,0
26,1425,35,1,1,0
20,840,47,2,1,1
53,1205,86,0,1,0
39,1630,75,2,2,0
7,1650,30,0,1,0
26,1700,56,0,1,0
26,2220,45,1,1,0
21,1290,70,2,1,1
3,2360,64,2,2,1
89,5640,450,5,5,2
100,1260,65,2,2,1
30,28850,336,4,5,2
26,6414,245,10,3,0
20,1765,26,0,1,1
26,910,40,0,1,0
15,1812,61,2,1,1
79,3440,86,2,1,1
61,3350,50,0,0,0
52,7480,123,3,2,1
91,850,20,0,1,0
26,2551,35,0,1,0
44,3271,132,3,4,2
51,1300,50,2,1,1
26,1983,45,1,1,0
42,3030,65,2,1,1
12,1500,25,1,1,0
34,2880,50,2,1,1
79,2396,98,2,1,1
83,1595,65,2,1,0
20,565,50,2,1,1
134,2300,78,2,1,1
106,6300,270,0,1,0
26,1654,48,1,1,0
7,1645,32,0,0,1
26,1593,28,1,1,0
26,1037,27,0,1,0
61,1440,58,2,2,1
99,967,42,2,1,1
26,1152,35,0,1,0
126,1500,52,2,1,2
102,1435,24,0,1,1
23,9070,200,4,3,1
62,20174,613,0,0,0
26,16490,350,0,1,0
26,2200,59,2,1,0
26,750,20,0,1,0
76,1600,90,3,1,1
124,2573,60,2,2,1
26,4900,41,0,0,0
13,1200,100,2,1,1
30,1963,33,1,1,0
92,1284,68,2,1,0
122,3000,138,3,3,2
26,800,25,0,1,0
43,1790,60,3,1,1
7,1440,27,0,1,0
122,3550,150,3,3,1
98,990,70,1,1,0
73,3805,72,2,2,0
83,1947,55,2,1,1
7,1500,30,0,1,1
59,41360,350,0,4,0
124,2015,70,2,2,0
90,2565,120,3,2,2
103,3625,40,0,1,0
20,960,44,1,1,1
119,1750,65,2,1,0
83,1390,60,3,2,0
79,2422,75,2,2,1
2,1782,36,1,1,0
121,950,30,0,1,1
2,2340,90,2,1,1
11,1280,52,2,1,0
122,4320,128,3,3,2
126,1573,70,2,1,1
134,1935,64,2,2,1
40,1420,73,2,2,0
102,3902,88,3,3,1
15,1170,70,2,2,0
15,1232,60,2,1,0
62,1483,38,1,1,1
26,1734,61,0,1,0
89,1900,65,2,1,1
79,2558,80,2,3,1
59,21800,200,3,3,1
124,1420,30,0,1,1
33,948,62,2,1,1
124,3080,60,3,1,2
67,1820,65,2,1,0
30,2182,60,0,1,0
26,778,20,0,0,0
134,1480,70,2,2,0
20,3461,162,3,3,2
122,2500,110,3,2,1
122,1600,80,2,1,1
60,1580,70,2,1,0
102,1850,32,0,1,1
12,2950,75,2,2,1
51,650,11,0,1,0
60,1640,76,2,1,0
102,5300,90,2,2,2
119,2451,64,2,1,1
7,1880,36,0,1,1
7,40002,1024,5,5,4
55,3608,49,1,1,0
134,2485,78,2,2,1
124,2356,73,2,1,1
83,1390,45,2,1,0
109,1586,76,2,1,2
42,2866,30,1,1,0
92,1390,52,2,1,1
30,4823,82,1,1,1
26,1241,31,0,1,0
121,955,20,0,0,0
92,1460,90,3,2,0
26,1040,24,0,1,1
98,2359,45,0,1,0
119,973,30,0,1,1
124,1420,22,0,0,1
127,1200,50,2,1,0
122,2218,70,2,2,0
43,2321,80,3,1,1
30,1750,38,1,1,0
26,1189,40,0,1,0
61,1945,28,0,1,0
30,1621,38,0,1,0
89,1474,53,2,1,1
124,1635,62,2,1,0
83,1868,85,2,1,0
15,1028,45,1,1,1
119,1200,50,2,1,0
15,1115,70,2,2,0
26,900,150,0,2,0
70,4432,80,2,2,1
44,2023,65,2,1,1
26,1260,31,0,1,0
26,1318,38,0,1,0
26,2100,65,0,2,0
86,500,28,0,2,0
100,1300,110,2,1,0
125,1450,49,2,1,1
30,1257,45,1,1,0
21,1280,49,2,1,0
41,1270,30,0,1,1
26,2584,34,0,1,0
26,1230,34,1,1,0
60,2000,81,2,2,0
40,1670,89,2,1,1
102,5900,144,3,4,2
7,1600,23,0,1,1
2,2240,70,2,1,0
26,1006,25,0,1,0
124,2800,110,3,2,0
35,1900,90,2,1,0
23,1820,40,1,1,0
20,980,43,2,1,1
30,4700,50,2,2,0
61,22370,772,4,6,6
20,2200,33,0,0,1
89,1054,24,0,1,1
124,4890,105,3,3,2
102,1503,32,0,1,1
26,2000,55,1,1,0
68,8705,136,3,3,2
122,700,120,2,1,1
12,1900,38,1,1,0
60,1210,40,1,1,1
83,1770,76,2,2,0
124,3104,129,3,3,1
26,1130,29,0,1,0
26,700,20,0,1,0
39,1329,60,2,1,0
85,930,47,1,1,0
59,3007,33,0,1,1
112,1150,27,0,1,1
67,6845,380,0,2,0
26,1650,45,1,1,0
92,1650,70,2,1,0
59,8333,99,3,2,2
86,953,50,2,1,1
7,7900,164,3,4,2
83,1725,107,2,2,1
62,2590,60,1,1,1
60,1225,40,1,1,1
124,2775,105,3,1,2
26,825,24,0,0,0
44,1220,22,0,1,1
84,1320,58,2,1,0
15,1340,45,1,2,0
122,1380,44,2,1,1
26,1120,36,0,1,0
30,2283,49,0,1,0
84,1313,70,2,2,0
30,4164,58,2,1,0
30,2580,52,1,1,0
21,1330,50,1,1,1
83,1770,96,2,1,1
69,1539,90,2,1,0
26,1310,39,0,1,0
20,980,60,0,2,1
43,2354,95,3,2,1
79,1792,57,1,1,0
89,1750,52,2,1,1
12,27259,241,0,2,3
32,7730,344,4,5,2
30,2499,30,1,1,0
89,1510,51,2,1,1
134,1333,23,0,1,1
20,900,47,2,1,1
26,3234,144,0,1,0
11,1325,73,2,1,0
39,1297,50,2,1,0
26,970,31,0,1,0
26,1604,40,0,1,0
26,1455,30,0,1,0
26,1800,35,0,1,0
48,2530,75,2,2,1
30,2299,30,1,1,0
37,1330,78,2,1,0
89,1966,62,3,1,1
102,1700,29,0,1,0
26,1260,60,0,2,0
89,906,25,0,1,1
30,1845,32,1,1,0
30,2730,40,1,1,0
112,1250,27,0,1,1
15,1170,50,2,1,0
73,24615,230,3,3,2
83,1570,50,2,1,0
119,1006,60,1,1,0
20,1192,50,2,1,1
90,1293,56,0,1,0
102,6489,187,3,4,2
30,5470,170,3,3,0
134,1466,36,1,1,0
102,1208,30,0,0,1
55,4495,80,2,3,1
30,4000,70,2,1,0
73,5500,42,1,1,1
99,900,55,2,1,0
26,4034,58,0,2,0
102,1375,24,0,0,0
26,1370,78,0,1,0
26,1626,60,0,2,0
30,17909,276,4,3,2
97,1500,60,2,1,1
26,3170,44,1,1,0
15,1419,70,2,1,0
83,2373,73,3,1,1
26,1065,33,1,1,0
134,1300,50,2,1,0
48,1720,80,2,2,0
30,3800,128,3,2,0
102,1750,26,0,0,0
83,1700,65,2,1,1
124,1455,24,0,1,1
97,1132,48,2,1,1
134,2520,62,2,2,1
26,1193,28,0,1,0
90,1100,68,2,1,0
89,2400,53,2,2,1
26,989,35,0,1,0
12,4660,51,0,1,1
67,5225,209,6,5,2
61,1810,58,2,1,1
35,1355,78,2,1,0
122,1460,37,2,1,1
76,1065,27,0,1,1
124,2972,100,3,3,1
68,3580,75,1,1,2
26,1155,39,0,1,0
48,2038,85,2,2,1
59,4993,56,0,2,0
7,1700,32,0,1,1
44,900,25,0,1,1
59,9700,125,3,2,2
83,1900,50,2,1,0
83,1662,60,2,1,1
47,1890,55,1,1,0
40,1535,60,1,1,1
83,1790,56,3,1,0
83,2210,70,2,1,1
39,1640,58,2,1,1
65,20700,327,4,1,4
67,2003,70,2,1,1
26,1149,28,0,1,0
11,10200,500,0,3,0
40,2037,86,2,1,0
124,3735,80,3,3,1
59,3021,35,1,1,0
93,1260,30,0,1,1
26,3650,45,0,3,0
126,650,45,1,1,1
84,1200,54,2,1,0
60,1220,50,2,1,0
83,2160,80,2,1,1
134,1890,56,2,1,0
125,1770,72,2,1,1
43,3800,180,3,4,2
47,2886,69,2,2,0
122,1380,62,2,2,1
26,1040,25,0,1,0
134,1783,72,3,2,0
40,1430,45,2,1,0
125,2323,84,3,2,3
98,1943,62,0,1,0
12,91479,773,0,8,15
59,10343,70,2,2,1
21,1400,55,2,1,0
55,3290,68,2,2,0
60,1450,105,3,1,1
30,1259,30,0,1,0
30,1191,31,1,1,0
134,2250,75,2,1,1
26,2180,40,0,1,0
73,51975,320,4,6,4
130,5280,530,3,2,6
26,1148,28,0,1,0
12,5300,113,2,2,1
83,2093,65,2,2,0
119,1257,56,3,2,0
83,1648,62,2,1,1
42,1150,30,0,1,0
44,1479,25,0,1,1
26,9222,200,0,2,0
11,12445,711,0,6,0
136,1450,60,2,1,0
26,1330,38,0,1,0
44,1280,25,0,0,1
122,8500,140,4,2,1
26,2099,66,0,0,0
80,1380,50,2,1,1
124,2750,50,0,0,1
30,2700,73,2,1,0
111,1560,35,1,1,0
20,1500,64,2,3,0
106,2185,75,2,1,0
134,1719,78,2,1,1
97,1568,52,2,1,1
74,4582,80,2,2,0
111,1120,46,2,1,0
26,1246,37,0,1,0
26,1350,34,0,1,0
89,2840,110,3,4,1
59,6845,130,3,3,1
87,945,80,2,1,0
26,594,27,0,1,0
124,1160,20,0,1,0
83,1495,50,3,1,0
40,1600,60,2,2,1
122,2080,62,2,2,1
7,4770,76,2,2,1
134,2770,86,3,2,1
19,1660,98,3,2,1
20,1380,100,1,1,1
124,2230,70,2,1,1
26,1644,80,2,1,0
7,1140,21,0,1,0
74,3347,55,1,1,0
110,7500,25,0,0,0
26,1136,37,0,1,0
134,2160,86,3,1,1
26,1269,44,0,1,0
7,7650,320,3,3,2
124,4052,46,0,1,2
102,2050,30,0,1,1
83,2109,105,3,2,1
2,2417,66,3,1,1
30,4850,85,2,1,0
122,3750,400,4,7,2
102,1435,30,0,0,1
26,1120,30,1,1,0
122,1740,48,2,1,1
43,1435,55,2,1,1
74,2460,35,1,1,0
93,1315,112,3,2,1
26,940,28,0,0,0
134,2298,89,3,1,0
21,1400,74,2,1,0
34,1750,42,1,0,1
136,2000,35,0,1,0
73,21000,120,0,2,0
30,2020,32,0,1,0
40,1280,60,2,1,1
7,2260,36,0,1,1
83,2650,85,3,1,2
79,3193,65,2,2,1
26,1357,34,0,1,0
80,1175,56,2,1,0
99,1300,62,3,1,0
44,1009,23,0,1,0
134,1500,30,0,1,0
48,1383,45,1,1,0
127,800,45,2,1,0
116,10000,300,0,4,6
26,1656,36,0,1,0
40,3473,157,3,3,1
134,1989,110,2,3,0
26,880,23,0,0,0
83,1900,64,2,2,0
83,1400,74,2,1,1
73,6350,80,2,2,1
20,1200,44,2,1,0
26,755,33,0,1,0
100,10000,800,0,0,0
102,5550,186,3,2,2
118,3900,80,2,3,1
79,6600,123,0,0,0
134,2240,80,2,1,1
26,2050,45,1,1,0
19,1475,80,2,1,0
84,1200,60,2,1,1
15,1655,75,2,3,0
2,1940,58,1,1,1
43,1739,55,2,1,1
101,1200,20,0,1,0
26,1720,34,0,1,0
80,1300,70,2,1,0
26,729,25,0,1,0
40,1185,50,2,1,0
134,2100,71,2,1,1
26,1270,45,0,0,0
26,214105,2024,0,1,37
12,18783,134,0,2,3
89,1601,20,0,1,1
83,1311,110,2,1,0
79,1800,78,2,1,0
20,1020,59,2,1,0
134,1570,72,2,1,0
3,1050,40,1,1,0
26,1566,35,0,1,1
93,918,45,2,1,0
26,453,4,0,0,1
20,804,70,2,2,0
7,1497,30,0,1,0
30,2220,42,1,1,0
92,1361,50,2,1,0
44,3715,69,2,2,1
26,1050,29,0,1,0
30,1550,25,0,1,0
26,1150,30,0,1,0
83,2965,230,3,4,1
83,1675,82,2,2,0
134,2277,42,1,1,0
121,672,20,0,4,0
26,1219,75,0,1,0
86,500,28,0,0,0
26,1273,34,0,1,0
20,900,70,2,2,1
62,900,48,2,2,0
26,1100,200,1,2,0
44,2399,126,2,2,1
134,1542,80,2,1,0
26,998,30,0,1,0
106,1850,66,2,1,0
41,1360,42,0,1,0
40,1826,70,2,3,1
7,1764,36,0,1,1
93,1020,50,2,1,0
12,4440,55,1,1,1
15,1150,70,2,1,0
43,2300,70,2,1,1
26,1300,26,0,1,0
7,5700,205,2,0,1
134,910,44,1,1,0
26,1060,46,1,1,0
26,1790,37,1,1,0
26,14113,384,0,2,0
12,3700,103,2,1,0
7,1106,20,0,0,1
60,1320,66,2,1,1
26,1600,46,0,2,0
111,1324,133,1,1,0
3,1100,50,2,2,0
102,1350,28,0,0,0
20,1100,58,2,1,1
26,999,34,0,1,0
35,850,45,2,1,0
93,820,75,2,2,0
130,1640,45,1,1,1
7,5620,88,3,2,1
103,1802,70,2,2,1
124,2350,90,2,1,1
19,1300,70,2,1,0
20,1800,130,3,1,2
119,967,25,0,1,1
92,1000,75,2,1,0
59,4880,60,2,1,0
48,2334,70,2,1,1
35,5850,90,0,3,3
7,4070,100,0,1,1
26,1950,34,1,1,0
102,21800,300,4,5,3
21,1077,42,2,1,0
92,1364,65,2,1,0
40,1330,90,2,2,2
26,2600,36,0,2,0
134,3420,120,3,3,2
7,2450,37,0,1,1
84,2094,75,2,1,1
43,1388,60,2,1,0
7,3575,53,0,1,1
26,746,34,0,1,0
26,1010,21,0,1,0
122,1304,34,0,1,1
136,1300,60,2,1,0
130,1998,53,3,1,1
134,1660,48,1,1,0
83,2350,76,3,2,1
119,1795,50,2,1,0
111,1257,30,1,1,0
47,1550,15,1,1,1
92,1360,71,2,1,0
26,4742,66,0,1,0
15,1340,60,3,2,0
26,1700,44,0,0,0
12,1940,30,0,1,1
134,1880,63,2,2,0
26,960,35,0,1,0
73,6608,82,3,2,1
83,1630,72,3,1,0
15,1100,65,2,1,0
2,930,44,1,1,1
20,920,38,2,1,1
26,1037,26,0,1,0
89,1763,87,2,1,1
7,2243,34,0,1,1
26,1120,28,1,1,0
122,1710,51,2,1,1
15,2081,67,2,2,0
26,1339,38,0,1,0
62,1875,49,0,1,0
111,1390,42,1,1,0
48,2289,88,2,1,0
118,8500,250,5,4,2
26,6432,170,0,2,0
26,1350,32,0,1,0
40,1922,70,2,1,0
26,2554,200,0,2,0
7,2235,29,0,1,1
106,1200,36,1,1,0
26,1250,47,0,1,0
100,1180,50,1,1,1
122,1450,25,0,1,0
26,600,15,0,0,0
30,3500,76,2,1,0
51,650,18,0,1,0
98,1319,24,0,1,0
26,1289,33,1,1,0
20,743,38,2,1,1
44,2410,72,3,2,1
40,1375,55,2,1,0
15,1420,60,1,1,0
40,1300,58,2,1,1
44,1023,48,2,1,1
26,1530,40,1,1,0
72,3545,70,2,2,0
26,1555,52,0,1,0
85,1230,67,2,2,0
7,1875,24,0,1,1
12,4410,115,3,3,0
60,1383,100,2,1,0
20,3610,165,4,4,1
26,1163,33,0,1,0
21,1000,74,2,1,0
43,5839,372,3,2,2
26,1331,53,0,1,0
26,1406,75,2,1,0
40,1386,76,2,1,1
7,1560,29,0,1,1
55,6395,95,2,2,1
30,3050,50,1,1,0
30,2190,38,1,1,0
26,1851,42,2,1,0
26,904,30,1,1,0
20,900,40,2,1,1
20,1135,40,2,1,1
134,1785,78,2,1,1
102,7150,122,2,2,2
103,3712,170,0,1,8
20,2365,45,2,2,1
59,8700,140,3,2,1
40,1500,80,2,1,1
40,1670,60,2,2,0
7,12854,493,4,6,2
89,1520,75,2,1,1
48,2750,88,2,1,0
124,2421,64,2,2,1
30,3685,50,2,1,0
72,2356,86,2,1,0
101,922,80,2,1,0
26,1310,30,1,1,0
83,2300,90,3,2,1
121,1110,15,0,1,1
92,1303,60,3,1,0
0,1240,78,2,2,0
30,3950,82,2,3,0
90,1275,45,2,1,0
52,21475,547,4,5,3
70,17687,227,3,1,3
26,1420,30,1,1,0
93,3833,80,2,2,1
134,1360,85,2,1,0
26,1005,35,0,1,0
92,1226,55,2,1,0
2,2190,66,3,1,1
90,3050,85,0,2,0
40,2200,80,2,1,1
71,200,10,0,0,0
112,1480,28,0,0,1
89,4980,274,4,3,2
65,8636,110,2,3,1
20,930,45,2,1,0
30,3400,50,1,1,0
26,2152,38,0,1,0
134,1648,105,2,2,0
65,2265,30,0,0,1
134,1650,105,2,1,0
98,2441,45,0,2,0
7,1845,30,0,1,1
12,3100,102,2,1,0
129,3580,95,0,2,1
102,1620,30,0,1,0
124,17986,257,0,6,11
39,1430,55,2,2,0
27,1555,40,1,1,0
59,4602,80,2,1,1
0,1170,55,1,1,0
125,1607,57,2,1,0
21,1390,70,2,1,1
7,1747,43,0,1,1
90,1120,45,2,1,0
26,950,29,0,1,0
122,1300,40,1,1,1
62,1306,25,1,1,0
9,1150,54,0,1,0
26,2506,66,0,0,0
43,2100,62,2,1,1
7,4800,60,1,1,1
124,3420,89,3,2,2
48,1800,70,2,1,0
39,1680,70,3,2,0
122,1270,67,3,2,0
92,990,59,2,1,0
79,3005,105,2,2,1
47,1960,54,1,1,0
7,6900,289,3,3,2
7,1291,25,0,0,0
92,970,60,2,1,0
26,2100,35,0,1,0
26,1531,36,0,1,0
7,1582,28,0,1,1
26,2000,39,0,0,0
122,1600,72,3,1,0
100,1300,65,2,1,0
30,3178,75,2,1,0
7,1555,29,0,1,1
60,1980,73,2,1,1
121,1218,56,2,1,0
30,1260,28,0,1,0
26,2225,48,1,1,0
74,3900,80,2,2,0
99,1380,70,2,1,0
20,1100,16,0,1,0
89,1037,45,2,1,0
39,1500,66,2,2,1
48,2050,60,2,1,0
124,2100,67,2,2,0
30,1300,37,0,1,0
111,1480,70,2,1,0
83,1750,54,1,2,0
26,900,30,0,1,0
83,1800,54,2,2,0
26,2350,50,0,1,0
15,1000,45,1,1,0
30,1310,28,0,1,0
124,2630,70,3,1,1
70,5168,95,3,3,1
48,2720,92,0,0,0
26,1476,26,0,1,0
67,2400,136,4,3,1
102,4450,160,3,3,2
20,800,40,2,1,1
7,3280,40,0,1,1
99,1300,62,3,2,0
125,1622,40,2,1,1
40,1050,54,1,1,0
83,934,32,0,0,0
73,4020,40,2,1,1
90,950,84,2,1,0
65,4000,115,2,2,0
20,845,45,2,1,0
124,1600,60,2,1,8
26,1656,72,0,0,0
70,6540,82,2,4,1
43,5009,303,4,4,2
20,1100,44,2,1,1
11,4900,478,5,3,0
26,720,25,0,1,0
72,4145,90,2,2,0
134,2750,67,2,2,1
30,32901,563,19,17,0
59,9100,190,3,3,1
55,4596,83,3,2,1
26,1316,39,0,1,0
26,950,49,0,1,0
40,1820,55,2,1,1
26,1550,42,1,1,0
125,2022,80,3,2,1
92,1189,45,2,1,0
124,2216,45,2,1,0
134,1530,50,1,1,0
26,2340,67,0,0,0
124,2360,55,2,1,0
26,800,30,0,0,0
0,1630,72,2,2,0
111,2030,60,2,1,0
86,700,49,0,2,0
26,1355,35,1,1,0
2,2755,119,3,2,2
26,450,2,0,0,0
136,1600,75,2,1,1
26,400,12,0,0,1
98,450,40,1,1,0
73,6433,105,3,3,0
66,1100,35,1,1,0
30,3185,30,1,1,0
89,1540,23,0,1,1
26,1130,30,0,1,0
83,1200,44,1,1,1
64,807,45,2,1,0
124,2232,63,2,2,0
26,1475,40,1,1,0
26,1130,32,0,1,0
48,2300,70,2,1,0
134,2071,55,2,1,0
26,1040,21,0,1,0
40,1100,45,1,1,1
124,2350,72,2,1,0
26,1750,45,0,1,0
7,4850,79,0,2,2
12,2050,38,1,0,0
20,757,60,2,1,0
38,965,60,2,1,0
106,2064,75,2,1,0
26,1380,36,0,1,0
107,1400,72,3,2,0
128,8450,160,3,3,1
7,199,30,0,0,0
83,1610,75,2,1,0
119,1880,60,2,2,0
122,2076,70,3,2,1
93,1633,100,3,1,0
76,3562,20,0,0,0
7,2570,40,0,1,1
20,1300,250,3,2,0
26,937,35,0,1,0
124,4485,280,7,3,2
83,1725,62,2,1,1
124,1904,52,2,1,0
83,1611,62,2,2,0
26,2380,67,0,2,0
7,3882,50,1,1,1
26,10970,244,0,5,0
59,43577,325,9,4,2
122,4910,260,3,3,2
11,1500,120,3,2,1
58,1260,54,2,1,1
102,7700,74,2,2,1
7,3970,60,0,0,1
42,136372,1324,0,4,14
15,1400,60,3,1,0
89,1700,52,2,1,1
20,950,90,2,1,0
44,2500,72,2,2,1
26,2306,41,0,1,0
30,2300,32,1,1,1
7,2031,38,0,1,1
7,2867,46,0,0,1
26,1688,36,1,1,0
128,5200,127,3,2,1
134,2340,88,2,1,1
7,6800,99,3,2,2
119,2658,109,3,2,1
12,5000,91,1,1,1
7,3000,35,0,0,1
26,1749,27,0,1,1
124,1669,45,1,1,0
20,1200,60,2,1,1
30,1371,22,0,1,0
136,1350,60,2,1,0
122,5642,320,3,2,2
7,23910,300,4,5,2
100,1742,57,2,1,1
26,1150,31,0,1,0
20,1163,70,2,1,2
7,3590,60,0,1,1
26,1759,44,0,2,0
20,2000,50,1,1,1
83,1370,35,2,1,0
26,1068,35,0,1,0
122,1120,60,2,1,0
124,1528,38,1,1,0
15,1523,68,2,1,0
21,6295,559,0,0,0
124,2086,33,0,1,1
65,5757,118,3,2,1
20,1100,15,0,1,0
36,1360,63,2,2,0
85,1250,60,2,1,0
122,1170,60,1,1,1
102,1315,30,0,1,1
26,3811,42,0,0,0
26,1405,45,0,1,0
30,1430,29,0,1,0
98,1699,57,2,1,0
76,986,57,2,1,0
26,1509,42,0,1,0
80,1210,48,2,1,0
74,1978,40,1,1,0
26,1260,35,0,1,0
15,1800,65,2,1,0
43,1850,100,2,1,0
23,2050,64,2,1,0
26,2750,75,2,2,0
12,5000,71,2,0,1
83,1900,68,2,1,1
26,2200,63,0,1,0
119,3400,92,3,2,1
26,2000,155,1,1,0
26,900,50,0,1,0
26,1350,30,1,1,0
93,969,46,2,1,0
91,850,16,0,0,0
7,6500,90,1,1,1
124,3000,109,3,1,1
7,22100,600,5,7,3
26,1450,40,1,1,0
26,1187,26,0,1,0
59,4653,51,0,0,0
134,1500,30,1,1,1
134,1738,49,1,1,1
48,2670,79,2,2,1
20,1050,44,2,1,0
90,1115,70,2,1,0
42,3040,68,2,2,0
26,2500,47,2,1,0
102,1722,28,0,1,0
26,1169,28,1,1,0
26,2760,50,1,1,0
134,2185,65,2,2,0
26,700,35,0,1,0
26,1771,35,0,1,0
30,1606,40,0,1,0
122,1600,80,2,1,2
102,1788,61,1,0,1
60,2340,130,3,3,1
30,1630,18,0,1,0
2,3975,65,2,1,1
26,1728,44,0,1,0
91,1377,46,1,1,0
74,4812,103,3,1,1
102,1820,38,0,0,1
124,1240,30,0,1,0
85,1600,57,2,1,0
101,2550,38,0,1,2
102,1700,28,0,1,0
111,1380,40,1,1,0
122,8154,160,0,2,0
91,690,52,0,1,0
26,1620,40,1,1,0
124,2410,65,2,1,1
30,2950,50,1,1,0
134,1547,105,2,1,0
7,1539,26,0,1,1
26,1568,70,0,1,0
26,1220,51,1,1,0
43,1480,58,3,1,0
111,1627,36,1,1,0
26,3000,40,0,1,0
110,29436,1926,0,1,0
30,4284,80,3,1,1
26,3950,110,0,2,0
7,5000,67,0,2,1
106,2768,112,3,1,1
7,1520,31,0,1,0
2,1550,57,2,1,0
119,1285,40,1,1,0
26,771,35,0,1,0
12,5850,98,2,1,1
97,1555,95,2,2,1
8,42000,3860,0,0,0
3,2000,77,2,2,0
122,4720,140,3,3,2
102,1554,30,0,0,0
30,14800,301,4,1,1
65,15237,170,4,4,1
19,1000,76,2,1,0
122,1185,70,2,1,0
7,1700,30,0,1,1
60,992,50,2,1,0
30,999,30,0,1,0
26,3400,86,0,1,0
34,1610,55,1,0,1
83,1800,45,1,1,1
44,4950,150,3,6,2
43,1450,70,1,1,0
20,751,40,1,1,1
84,1030,52,2,1,0
12,3412,45,1,1,0
34,1708,25,1,0,1
73,5885,100,3,2,2
90,760,45,1,1,0
137,1710,25,0,1,1
122,930,60,1,1,1
110,5490,199,4,4,2
59,4848,55,0,1,0
26,1280,25,0,1,0
79,2265,70,2,1,0
102,7800,420,4,3,2
111,1580,70,2,1,0
99,950,58,2,1,0
93,1100,36,2,1,0
20,850,43,2,1,0
26,2259,95,0,2,0
59,6020,70,1,3,1
134,2000,87,3,2,1
30,1400,40,0,1,0
23,3100,48,0,0,1
26,1250,30,0,1,0
51,875,54,2,2,1
76,910,54,1,1,0
48,3721,135,4,2,1
51,1400,30,0,1,0
44,996,24,0,1,1
111,1621,37,1,1,0
30,1159,30,0,1,0
7,2547,30,0,1,1
26,1130,55,0,0,0
41,1695,65,2,1,0
7,1911,33,0,1,1
40,1580,85,2,1,1
124,3180,80,3,3,1
38,1405,50,1,1,0
7,2430,30,0,1,1
124,2286,56,2,1,1
26,852,5,0,0,1
124,1700,40,0,1,0
124,2280,70,2,1,1
26,1800,33,0,1,0
26,1973,29,0,1,2
102,2850,51,0,0,1
133,30474,2057,0,22,6
47,3160,50,2,1,0
124,1767,55,2,1,0
7,3965,60,0,1,1
20,1950,50,2,1,0
26,1117,35,0,1,0
20,3200,220,0,2,0
124,1540,50,1,1,0
83,980,8,0,0,0
2,2180,72,1,2,1
26,1370,33,0,1,0
26,1357,38,1,1,0
119,4717,150,3,3,1
43,3800,104,3,2,1
26,1665,35,1,1,0
124,2378,28,0,0,1
26,920,30,1,1,0
83,2306,140,2,1,0
40,1360,75,3,1,0
30,4670,51,2,1,1
7,1920,30,0,1,1
20,1000,47,2,1,0
62,2900,100,4,3,2
30,3129,70,2,1,0
26,2364,61,0,1,0
26,998,29,0,1,0
20,1200,60,2,1,1
124,2250,85,2,1,1
26,1912,43,0,1,0
59,27100,380,3,2,3
26,6136,118,0,1,0
26,1510,65,1,1,0
26,675,21,0,1,0
134,1972,68,2,2,0
83,1484,62,2,1,0
102,1490,65,2,1,0
26,800,30,0,1,0
124,3390,140,4,2,2
26,1278,32,1,1,0
102,8560,195,3,4,3
102,5458,185,4,3,2
30,4220,86,3,2,1
26,1050,25,0,2,0
26,879,26,0,1,0
102,1788,78,1,2,1
122,3770,139,4,3,1
38,1277,65,2,1,0
59,2800,27,1,1,0
130,5700,180,4,3,3
26,1147,25,0,1,0
67,1350,40,1,1,1
7,1720,28,0,1,1
26,1250,35,1,1,0
7,199,30,0,1,0
26,1725,58,0,1,0
51,1000,44,2,1,1
40,1733,56,2,1,0
38,1150,45,2,1,0
11,1190,48,1,1,0
35,2390,90,2,1,0
119,4700,200,3,2,1
26,1430,34,0,0,0
79,2800,120,3,2,1
83,700,40,1,1,0
21,1020,117,2,1,0
83,1800,80,3,1,0
20,750,50,2,1,0
83,1520,60,1,1,2
76,1020,26,0,1,0
98,2500,86,2,1,0
134,2675,70,2,2,0
26,1355,21,0,1,1
30,4530,75,2,1,1
12,40800,465,0,3,5
35,2200,29,0,1,1
26,832,25,1,1,0
90,1305,65,1,1,0
51,750,10,0,1,0
124,2294,80,3,1,0
7,4175,90,3,3,2
26,3424,27,2,2,2
91,10000,1000,0,0,0
89,2230,68,3,2,1
26,2345,58,0,1,0
12,1791,32,1,1,0
76,1020,25,0,1,0
26,1020,33,0,1,0
26,1100,29,1,1,0
30,2354,40,1,1,0
26,1365,30,1,1,0
26,1261,30,0,1,0
93,1326,90,3,1,0
26,1324,34,1,1,0
26,2258,56,0,0,0
72,3169,82,2,2,0
20,1425,44,2,1,1
26,1873,40,1,1,0
7,2330,36,0,1,1
73,2044,25,1,1,0
26,1010,20,0,2,0
0,937,60,1,1,0
30,4394,157,3,4,1
11,2403,74,2,1,0
42,5069,60,2,2,0
111,2150,75,2,1,0
26,789,38,0,1,0
26,2100,40,1,2,0
7,1800,34,0,1,1
26,1028,30,0,1,0
15,2815,52,2,1,0
7,1924,36,0,1,1
26,1500,34,0,1,1
73,6702,71,1,2,0
26,4558,220,0,3,1
106,6999,90,0,2,0
26,28661,580,0,4,0
38,1801,52,2,1,1
20,1500,60,2,1,0
21,2260,106,0,1,0
42,4500,64,2,1,1
26,1029,28,0,0,0
26,575,27,0,0,0
19,1250,80,2,1,0
43,5259,400,3,3,2
20,716,98,2,2,0
102,1637,23,0,1,0
5,1400,60,2,2,0
51,850,11,0,1,0
111,1477,40,1,1,0
99,950,45,1,1,0
124,4801,50,0,1,0
12,3100,85,3,1,0
26,1432,33,1,1,0
20,1359,52,2,1,0
26,1574,25,1,1,0
23,2370,60,1,1,0
26,789,24,0,1,0
7,7695,108,0,1,2
42,10950,250,3,2,1
83,1399,41,2,1,0
83,1590,70,2,1,0
124,2458,83,2,1,0
30,4460,40,1,1,0
7,1950,30,0,1,1
124,2671,35,0,1,0
7,1400,37,0,1,0
128,2540,38,1,1,0
76,680,50,1,1,1
112,1730,28,0,1,1
7,3631,87,0,1,0
124,1650,32,0,1,1
7,2776,42,0,1,1
26,1922,52,0,1,0
7,3026,40,0,2,4
98,2572,30,0,1,0
72,4132,112,3,3,2
83,2187,75,3,1,1
111,1621,42,1,1,0
84,930,72,2,1,0
50,300000,7000,0,0,0
30,1078,30,0,1,0
30,2200,42,1,1,0
134,1217,45,1,1,0
15,1200,80,1,1,0
79,1930,52,1,1,0
119,1780,125,2,1,0
47,2150,38,1,1,0
134,2930,110,2,1,0
59,6540,100,3,3,1
26,1912,30,0,1,0
23,2651,45,1,1,0
124,1772,64,2,1,0
89,1080,50,1,1,1
26,2278,85,0,1,0
7,3585,36,0,1,0
88,460000,23000,0,10,0
42,3430,55,2,2,1
47,2150,46,1,1,0
26,1766,32,1,1,0
26,2390,50,0,1,0
7,1515,30,0,1,1
58,1350,73,2,1,2
118,4400,40,1,1,0
124,2982,172,3,3,1
89,1460,50,2,1,0
106,1940,65,2,2,0
51,920,43,2,1,0
30,3300,70,2,1,0
83,1750,54,1,1,0
60,930,44,2,1,0
26,1231,37,0,0,0
7,22300,607,6,8,6
104,950,60,2,1,0
116,1660,68,2,1,1
30,2100,43,1,1,0
26,1502,52,1,2,0
26,1110,30,1,1,0
7,3490,40,0,1,1
12,2500,35,0,1,1
90,820,60,1,1,1
102,5035,189,3,3,2
7,3800,31,0,1,1
7,1992,30,0,1,1
0,1130,48,2,1,0
2,1650,63,2,1,0
2,1784,35,1,1,0
26,1350,36,1,1,0
30,1713,41,1,1,0
26,2553,32,1,1,0
24,1650,59,2,1,0
26,1208,30,0,1,0
26,910,37,1,1,0
119,2000,57,3,2,0
26,1697,59,0,2,0
44,5292,162,2,3,0
89,4000,125,3,3,2
35,2550,36,0,1,1
75,1530,88,2,2,0
48,2400,120,3,1,0
26,5043,89,0,2,0
7,6425,64,0,0,2
111,1975,70,3,1,0
26,620,31,1,1,0
30,18800,360,4,4,2
100,1584,56,2,1,1
21,1550,48,2,1,1
130,10675,390,4,6,2
82,1250,40,1,1,0
102,1380,24,0,1,1
122,1500,50,2,1,0
103,1850,74,2,2,1
26,1478,47,0,1,0
131,1383,38,1,1,0
102,2684,70,0,0,1
26,1899,70,1,1,0
7,2389,33,0,1,1
26,1180,50,0,1,0
26,1360,30,0,1,1
26,1300,28,0,1,0
102,6853,195,4,5,2
26,6492,135,0,0,0
129,970,33,1,1,4
26,1395,46,1,1,0
7,1436,31,0,1,1
83,3510,63,0,0,0
19,1885,50,2,1,1
124,1970,55,1,1,0
26,1572,40,0,1,0
60,1645,100,2,1,0
15,1330,57,3,1,0
72,2900,72,2,1,0
7,2387,45,0,1,0
40,1704,130,0,1,0
136,940,80,1,1,1
124,2845,80,2,1,0
26,1765,65,1,1,0
110,880,43,2,1,1
134,2215,68,2,1,0
79,2300,60,2,1,0
11,1760,63,3,2,0
20,914,50,2,1,0
124,2370,110,3,1,0
40,1000,50,1,1,1
122,3500,400,0,0,0
26,1400,36,0,1,0
90,1272,50,1,1,0
20,1472,60,2,1,0
73,20288,230,3,5,2
60,1270,40,1,1,0
119,1181,36,1,1,0
10,921,60,2,1,0
26,1130,34,0,1,0
7,2255,62,0,0,0
70,6363,126,2,2,1
84,1200,70,2,1,0
12,4098,90,3,2,1
134,1642,56,1,1,1
44,1540,30,0,1,1
26,100,1,0,0,0
47,2866,65,1,1,0
20,2235,73,3,2,1
86,2000,100,0,2,0
26,2040,85,2,2,0
92,850,60,2,1,0
68,8143,300,3,3,2
26,1670,61,1,1,0
26,1309,39,0,0,0
79,2137,61,2,2,0
55,4048,76,2,1,1
30,1578,27,0,1,0
66,1550,36,0,1,1
26,830,27,1,2,0
7,3442,55,0,1,1
40,1700,43,2,1,1
97,1109,78,2,1,1
136,3190,123,3,2,1
26,3600,70,0,1,0
62,2280,57,3,2,1
26,952,27,0,1,0
26,2183,47,0,1,0
26,1331,23,0,1,0
26,1287,29,0,1,0
26,2100,40,0,1,0
26,1353,32,1,1,0
70,11058,157,4,4,2
7,7392,72,1,1,2
7,4300,90,0,1,1
35,2500,36,0,1,1
111,1434,35,1,1,0
40,1336,36,1,1,0
34,1550,52,1,0,1
26,25300,400,0,4,0
72,2330,50,2,1,0
42,2650,50,1,1,0
92,850,60,2,1,0
136,4846,315,4,3,1
59,4660,40,1,1,0
43,1219,40,1,1,0
7,3430,28,0,1,1
26,2651,61,0,1,0
42,3221,100,3,2,0
26,1871,30,0,1,0
30,4596,168,3,3,0
65,9800,281,5,5,2
102,35900,1000,5,8,10
111,1510,30,1,1,0
119,1358,45,1,1,0
19,1373,70,1,1,0
124,2040,61,2,1,0
124,1650,23,0,1,0
35,800,50,1,1,0
7,1900,33,0,1,1
26,1294,30,0,1,0
3,1340,30,1,1,1
7,8300,450,5,4,3
48,2375,70,2,1,0
12,5265,108,3,2,1
42,4300,64,1,1,0
7,3861,42,0,1,2
20,610,60,1,1,1
7,2800,53,0,1,1
83,1410,75,2,1,0
26,1396,59,1,1,0
40,2008,81,3,2,1
26,2492,63,0,1,0
93,770,56,1,1,0
26,1204,43,1,1,0
44,3006,86,2,1,1
26,1202,36,0,1,0
72,2140,50,2,1,0
84,1500,220,0,2,0
53,3017,260,0,3,0
26,1580,34,0,1,0
26,1455,69,0,2,0
12,3545,110,3,2,1
26,1800,56,0,0,0
79,3100,100,3,1,1
91,1698,98,2,2,0
26,1490,30,1,1,0
30,1059,32,0,1,0
54,750,58,1,1,0
122,1610,70,3,1,0
30,4800,67,1,1,1
26,1410,66,1,1,0
103,850,60,2,1,0
42,2485,65,1,1,0
7,103950,999,0,1,0
123,2850,100,3,2,1
83,8500,480,2,1,0
74,3540,74,2,2,0
7,5434,73,0,2,2
119,900,47,1,1,0
90,2300,80,3,3,0
97,948,36,1,1,0
60,2200,100,2,1,0
119,3665,50,0,1,2
7,30265,261,4,6,3
7,2495,35,0,1,1
73,7187,80,2,1,0
12,8000,75,2,2,1
42,3312,97,2,1,0
59,9350,99,3,2,2
26,5169,210,0,2,0
30,1400,35,0,0,0
129,1400,40,2,1,0
35,847,40,1,1,1
26,1585,36,0,1,0
26,8080,860,0,1,0
134,1300,120,2,1,0
73,951,5,0,1,0
124,830,40,1,1,0
26,9720,170,0,2,0
109,1700,80,0,2,0
136,2342,30,0,2,0
72,2970,80,3,2,0
102,6270,180,3,3,2
102,5440,88,1,2,2
83,1064,28,1,1,0
65,3750,85,2,1,1
107,1150,45,0,1,0
26,1935,40,1,1,0
12,5160,88,3,3,1
26,1608,72,0,1,0
26,1243,38,0,1,0
12,5910,130,3,4,2
35,1716,27,0,1,1
26,1569,37,0,0,0
26,4121,84,0,1,0
12,4390,90,3,3,0
20,2000,48,0,1,0
68,7950,98,2,2,1
35,1720,30,0,0,0
124,2190,65,2,1,0
111,1445,50,1,1,0
26,3000,40,1,1,0
26,890,24,1,1,0
26,2327,58,0,0,0
26,1654,81,1,1,0
102,3000,48,0,0,0
7,2600,36,0,1,1
85,1300,70,3,1,0
26,1209,27,0,0,0
20,1050,70,2,1,0
30,2140,30,1,1,0
83,50000,2140,0,0,0
26,6492,114,0,0,0
7,5350,70,0,1,1
26,1647,40,0,2,0
60,1185,40,1,1,0
83,1900,64,2,1,0
30,3380,77,2,1,0
124,2661,85,3,2,0
26,1638,36,0,1,0
26,1248,32,0,1,0
30,4500,129,3,2,1
23,3720,78,2,1,0
84,6180,520,3,5,1
26,2450,104,0,1,0
38,1445,55,1,1,0
26,2850,30,1,1,0
85,800,48,1,1,0
55,9000,275,2,3,2
26,2675,45,0,1,0
30,1477,26,0,1,0
26,1324,21,0,1,0
102,4750,105,3,3,2
23,3000,80,2,2,0
15,1480,30,0,1,0
26,3291,66,0,1,0
26,1250,31,0,1,0
7,2800,30,0,0,1
7,2390,29,0,1,1
119,1205,36,1,1,0
12,3490,89,3,1,0
26,1280,39,0,1,0
60,1000,50,1,1,0
99,1144,73,3,1,0
42,5800,90,3,2,0
73,7941,140,3,2,1
10,750,40,1,1,0
91,1730,72,0,1,0
83,5100,233,4,3,1
83,1550,33,1,1,1
26,1091,25,1,1,0
26,986,43,0,1,0
40,1610,55,2,1,1
86,2000,500,0,0,0
102,16670,251,4,4,2
92,1300,100,2,2,1
30,1401,26,0,1,0
26,1600,30,1,1,0
26,1665,32,0,1,0
26,1650,34,0,1,0
2,2254,62,2,1,0
20,595,50,2,1,0
26,1400,39,0,1,0
106,1460,60,2,1,0
26,6000,100,0,0,0
12,1655,32,1,1,0
26,1630,30,0,1,0
85,940,39,2,1,0
30,1750,38,1,1,0
26,1260,30,0,0,0
26,104348,903,0,4,50
40,1700,70,2,2,1
130,3900,200,5,4,2
124,1477,38,1,1,0
124,2950,84,3,1,0
124,2520,70,2,2,0
21,869,90,2,1,0
26,28048,770,0,4,0
86,780,45,2,1,0
102,1772,40,0,0,0
72,1840,31,0,1,0
122,2850,80,0,1,0
111,1394,30,1,1,0
106,4900,500,0,1,0
21,885,50,1,1,0
20,994,50,2,1,0
7,2807,34,0,1,1
26,3999,90,0,2,0
93,2077,26,1,1,0
62,1560,25,0,1,1
26,3198,80,0,1,0
122,1226,20,0,0,0
39,660,40,1,1,0
12,1247,23,0,1,0
79,3140,105,3,1,1
26,1807,42,0,1,0
2,2779,96,3,2,1
134,2600,96,2,1,0
90,10000,420,0,0,0
40,1375,48,2,1,0
48,2045,66,2,1,0
26,2564,38,0,2,0
62,1815,39,0,2,1
59,20225,190,4,3,2
34,1290,39,1,0,1
26,1200,35,0,2,0
92,800,50,2,1,0
26,1600,40,0,1,0
30,4300,150,3,2,0
26,1250,30,0,0,0
72,380,20,0,1,0
12,6800,163,3,2,2
74,4440,103,2,1,0
26,725,27,0,0,0
7,1691,30,0,1,1
73,21600,200,4,3,2
76,1100,70,2,2,0
65,5013,69,3,2,1
11,1180,55,2,1,0
124,2625,89,2,1,0
102,4050,85,0,0,2
42,2603,38,1,1,0
124,4049,140,3,2,1
62,2000,200,2,3,2
76,1452,37,0,1,0
7,6406,71,0,2,1
40,1788,75,3,3,1
67,10000,300,0,0,0
12,3447,60,1,2,1
12,4152,50,0,1,1
41,1062,60,1,1,0
26,9748,174,0,0,0
46,1341,33,0,1,0
40,760,50,1,1,0
112,1602,28,0,0,1
76,980,60,2,1,0
100,12660,900,0,3,0
86,800,38,0,1,1
26,3200,45,0,0,0
26,2039,65,0,2,0
124,2401,32,0,1,2
26,1076,33,1,1,0
124,3134,100,3,2,1
127,800,48,1,1,0
89,1390,23,0,0,1
26,1700,44,1,1,0
47,2840,73,2,1,0
26,967,23,0,1,0
84,1280,60,3,1,0
59,4930,50,1,1,1
26,1032,21,1,1,0
12,7415,111,3,3,2
26,1240,20,0,1,0
36,1007,68,2,2,0
26,1352,35,0,1,0
124,2330,46,1,2,0
26,500,37,2,1,1
26,1380,30,1,1,0
42,3500,59,2,0,0
124,1460,20,1,1,0
51,2300,100,0,0,0
15,1350,30,1,1,1
30,1702,36,0,1,0
2,1930,50,2,1,0
26,1341,39,0,1,0
111,1590,25,1,1,1
30,4987,100,3,2,1
7,3451,53,0,1,0
134,1870,60,2,1,0
26,3829,85,0,1,0
125,8224,157,0,2,0
26,1515,36,0,1,0
48,3620,167,3,1,2
26,1780,46,1,1,0
2,2440,70,3,2,0
20,1005,41,2,1,0
7,2193,38,0,1,1
27,1000,45,1,1,0
83,1100,45,1,1,0
76,1080,52,0,1,0
134,3960,130,3,3,0
26,1500,29,1,1,0
89,5700,800,0,0,0
118,3125,120,1,1,0
26,1166,23,0,1,0
12,3100,35,0,2,1
70,5720,131,3,3,1
30,1975,55,1,1,0
92,1100,80,1,1,0
30,3278,75,2,1,0
7,2050,54,0,1,1
124,2200,33,0,1,1
30,1926,36,0,1,0
11,934,60,1,2,0
73,3728,32,0,1,1
130,11500,1000,3,4,5
83,1547,45,0,1,0
26,2115,47,0,1,0
26,1120,30,1,1,0
119,1230,37,1,1,0
26,2587,44,1,1,0
35,950,55,2,1,0
47,2700,70,2,1,0
7,4908,150,2,3,1
35,1900,30,0,1,0
30,1769,28,1,1,0
26,1513,42,0,3,0
26,1239,20,0,1,0
26,1300,30,0,1,0
72,3813,99,3,1,1
124,3083,115,3,2,1
7,1950,31,0,1,1
9,910,44,1,1,0
107,1600,74,2,2,0
7,1975,24,0,1,1
59,10600,41,0,1,0
20,6550,175,5,4,2
26,375,4,0,0,1
89,970,37,1,1,4
20,900,40,2,1,1
26,1356,32,1,1,0
100,998,55,1,1,0
26,12584,337,0,2,0
34,1200,35,1,0,1
96,1032,40,1,1,0
43,6776,210,3,4,2
102,1832,41,0,0,1
138,11679,1182,0,3,0
12,3600,24,0,1,0
42,1800,32,1,1,0
44,850,60,2,1,0
73,11849,80,2,2,0
26,1720,55,0,1,0
40,1291,80,1,1,0
26,1940,50,1,1,0
44,1436,45,1,1,1
99,1100,100,2,1,0
30,5700,74,2,1,0
62,1900,33,0,1,1
111,1407,33,1,1,0
30,3300,65,2,1,0
73,9000,137,3,3,2
124,5060,150,3,2,0
48,2904,28,1,1,0
26,1230,45,0,1,0
111,1140,28,1,1,0
26,1451,23,0,1,0
26,1450,37,0,1,0
134,1349,17,0,1,0
122,900,30,1,1,0
26,300,4,0,0,1
12,4156,112,3,2,1
15,1740,75,2,2,1
102,1880,25,1,1,1
26,2141,67,1,1,0
26,2232,42,1,1,0
83,1750,23,2,1,0
48,1849,80,3,1,0
7,2981,53,0,0,1
20,857,49,1,1,0
111,1000,32,1,1,0
7,9700,157,3,3,2
124,1815,100,3,1,0
30,4163,100,3,2,1
62,2015,40,0,0,1
98,1900,200,1,1,0
83,1142,84,3,1,0
39,850,50,1,1,0
134,2000,85,2,1,0
26,1652,30,0,1,0
26,2243,52,0,2,0
119,900,20,1,1,0
7,16750,511,5,7,5
26,1228,33,1,2,0
30,7074,170,0,0,0
7,3600,54,0,2,2
26,2340,65,0,2,0
26,14113,380,0,2,0
65,7200,120,3,2,1
72,1200,30,1,1,0
59,9800,200,4,2,1
34,1267,18,1,0,1
7,1900,36,0,1,1
7,1663,36,0,1,1
119,3500,94,0,1,0
30,5390,150,2,1,0
26,1487,50,0,1,0
26,5749,162,0,3,0
129,4050,85,0,0,2
7,1986,36,0,0,1
7,2951,46,0,1,1
42,5100,160,3,2,1
26,4100,200,0,1,0
124,4243,180,3,2,1
20,680,80,1,1,0
93,870,42,2,1,0
42,4380,107,2,2,0
12,3140,29,0,1,1
48,4175,108,3,2,1
7,1800,22,0,1,1
124,2000,83,2,1,0
85,1900,90,3,1,0
40,1010,58,1,1,0
26,1464,30,1,1,0
30,5250,140,2,2,0
7,480985,5063,0,50,90
51,3300,150,2,1,1
7,9250,118,2,4,3
59,4622,48,0,0,0
7,2531,38,0,1,1
7,1790,30,0,1,1
26,10462,350,0,5,0
26,1017,18,0,0,0
26,1241,31,0,1,0
20,1200,15,0,1,0
7,3329,44,0,1,1
124,3970,125,3,1,0
28,635,36,2,1,0
136,1050,40,1,1,0
30,3630,105,2,2,0
97,3822,197,2,1,1
84,1065,50,1,1,0
26,1036,35,1,1,0
12,2268,26,1,1,0
114,940,32,0,1,0
26,1561,33,0,1,0
71,84605,1141,0,10,18
62,1300,70,2,1,0
20,3600,250,3,2,0
23,2080,40,1,1,0
7,1570,43,0,1,1
114,1625,68,0,1,0
30,3800,41,1,1,0
30,3800,41,1,1,0
26,1847,66,0,1,0
124,2820,110,3,2,1
26,1820,33,0,1,0
124,1730,60,1,2,0
20,2900,170,0,1,0
50,800,49,2,1,0
83,2300,100,2,2,0
69,1900,90,1,1,0
26,672,24,0,0,0
26,1876,55,0,1,0
119,830,33,1,1,1
30,1654,32,0,1,0
89,2800,84,3,2,1
10,1050,60,2,1,0
72,1475,24,1,1,0
16,8450,180,3,5,1
111,1410,30,1,1,0
26,3850,39,0,2,0
7,2300,33,0,1,1
43,5800,160,4,4,2
26,1421,32,0,1,0
83,1800,64,2,1,0
124,3162,100,3,1,1
26,11300,264,0,4,1
85,1400,65,2,1,1
30,5136,49,1,1,0
89,8650,150,0,0,2
30,2343,40,1,1,0
31,750,40,1,1,0
65,4700,110,3,2,0
26,925,30,0,1,0
19,3960,245,3,3,2
26,1739,61,0,1,0
122,600,55,1,1,0
121,798,18,0,1,1
20,970,60,1,1,0
26,495,20,0,0,0
42,1306,31,1,1,0
20,5500,360,0,2,5
97,3000,284,3,1,3
11,1350,28,0,1,0
26,1650,34,0,1,0
26,860,36,1,1,0
26,1615,30,1,1,0
26,2254,42,1,1,0
119,1135,31,1,1,0
26,1360,40,1,1,0
30,3200,86,2,1,0
26,1055,23,0,1,0
20,1131,43,2,1,0
52,8075,175,4,3,1
26,1498,33,1,1,0
60,2853,110,3,2,1
42,2005,50,1,1,0
40,1510,54,2,1,1
85,790,39,1,1,0
62,7400,78,2,2,1
12,7190,176,0,3,0
97,1580,65,2,1,1
30,4855,120,3,1,1
91,6577,150,0,3,0
30,2160,40,1,1,0
124,1246,35,1,1,0
59,8305,126,3,3,1
26,1790,36,0,1,0
65,2485,30,0,1,1
30,2563,38,1,1,0
26,2374,54,0,2,0
26,1320,21,0,1,0
92,680,40,1,1,0
7,2566,41,0,1,1
7,2485,36,0,0,1
26,1643,45,0,1,0
26,31072,419,0,4,0
26,1321,30,0,1,0
26,1856,90,3,1,0
26,1150,30,1,1,0
26,1165,33,1,1,0
26,2400,67,1,1,0
40,1440,55,3,1,1
59,8500,180,3,3,1
102,4540,90,3,2,2
134,2200,80,2,1,1
30,1550,38,1,1,0
26,1560,32,0,1,0
7,9300,94,0,3,3
26,5560,189,1,3,0
26,1880,60,0,1,0
92,800,50,1,1,0
122,1350,61,2,1,0
7,1850,25,0,1,1
26,2989,107,0,1,0
7,3113,48,0,0,1
26,299,5,0,2,0
74,1540,30,1,1,0
26,4856,144,0,2,0
124,2845,62,2,2,0
26,3145,92,0,1,0
88,4620,90,2,2,1
62,2415,35,1,1,1
85,1180,25,1,1,0
26,626,26,1,4,0
83,770,12,0,0,0
30,2977,75,2,1,0
78,8205,625,0,1,0
30,1330,40,0,1,0
35,830,50,1,1,0
26,13000,400,0,6,0
73,8372,106,3,3,1
119,1350,38,1,1,0
65,5980,78,2,2,1
88,119155,4179,0,8,12
26,1079,33,0,0,0
124,1431,24,0,1,0
80,650,55,1,1,0
30,5060,88,3,2,1
26,2700,30,1,1,0
59,5576,78,2,3,1
30,4836,82,2,3,1
20,1300,74,3,1,1
26,1565,24,1,1,0
30,1891,36,0,2,0
26,7045,404,0,4,0
125,5500,74,0,1,0
30,2000,30,1,1,0
85,895,33,1,1,0
84,1250,38,1,1,1
42,1710,25,1,1,0
2,1781,60,2,1,0
15,932,40,1,1,0
30,1600,35,0,1,0
26,2650,44,0,1,0
102,1250,23,1,0,1
26,1060,53,0,2,0
39,1270,40,1,1,1
80,700,55,1,1,0
102,1850,33,1,0,0
48,1253,25,0,1,0
48,2249,52,2,1,0
7,3441,45,0,1,2
31,650,60,1,1,0
108,816,60,2,1,0
99,900,42,2,1,0
30,1400,35,0,1,0
7,3366,48,0,1,1
119,1879,75,3,1,0
34,600,45,1,1,0
30,2000,34,1,1,0
7,2870,34,0,1,1
108,880,46,1,1,0
124,2350,65,1,1,1
21,990,70,2,1,0
72,1550,25,1,1,0
93,750,62,1,1,0
30,3000,30,0,1,0
26,4621,104,0,2,0
26,1860,42,0,1,0
106,1492,34,1,1,0
106,4900,190,4,3,1
30,1438,20,0,1,0
44,6500,100,0,2,0
70,7310,127,2,1,2
63,2800,1000,1,3,10
26,2500,55,0,1,0
20,1050,96,2,1,0
20,829,40,2,1,0
119,1400,29,0,1,0
85,800,43,1,1,0
7,2902,50,0,1,1
26,2691,60,0,1,0
66,1200,45,1,1,0
42,4000,55,2,1,0
7,3000,71,0,1,0
93,10477,397,0,0,0
35,2000,30,0,1,1
30,1710,31,1,1,0
62,1093,19,0,1,1
72,3070,28,0,0,0
19,3488,60,3,2,1
30,12600,140,0,4,0
90,8540,600,0,4,0
59,21300,170,2,4,1
119,2965,200,5,2,0
60,850,70,1,1,0
73,9794,192,4,4,2
114,2424,65,0,2,0
26,3500,90,0,1,0
79,2731,76,2,1,0
66,1190,50,1,1,0
2,2098,78,2,2,0
119,2308,149,0,1,0
26,1143,21,0,1,0
26,3320,75,2,1,0
23,1550,28,1,1,0
26,409,17,0,1,0
26,3560,50,2,1,0
89,6295,400,5,6,5
74,4650,103,2,2,0
30,1620,40,0,1,0
74,2202,30,1,1,0
124,1160,23,0,1,1
30,2300,45,1,1,0
111,1437,25,1,1,0
23,2253,36,1,1,0
60,1190,42,1,1,0
26,3475,135,0,4,0
20,637,51,2,1,0
30,2978,75,2,1,0
26,801,22,0,0,1
89,890,50,2,1,0
23,1385,25,1,1,0
26,1555,24,1,1,0
84,1110,39,2,1,0
83,1241,26,1,1,0
12,1850,30,1,1,0
99,900,50,1,1,0
93,991,80,1,1,0
106,1700,113,2,1,0
124,1550,30,0,0,0
26,2000,32,0,1,0
124,1690,35,1,1,0
26,10294,200,0,3,0
124,1820,37,0,0,1
30,1979,25,0,1,0
26,2399,42,0,1,0
74,2867,35,1,1,0
30,5400,70,2,2,1
26,920,29,0,1,0
73,5700,36,0,1,0
21,769,70,1,1,0
7,3480,47,0,0,1
20,650,50,1,1,0
7,4600,75,0,1,2
44,6421,211,4,3,0
26,2500,57,1,2,0
7,4482,54,0,1,1
26,48700,1500,0,15,0
20,1000,50,2,1,0
26,1470,40,1,1,0
30,1446,27,0,1,0
15,1150,43,1,1,0
7,2465,45,0,2,1
106,2057,77,3,1,0
26,1266,25,1,1,0
26,1644,32,0,1,0
124,2450,80,3,3,0
7,4571,52,0,0,0
124,45000,978,0,10,0
124,3708,56,0,1,0
79,1870,51,2,1,0
7,2690,36,0,1,1
68,11776,345,4,6,4
26,2430,80,0,2,0
26,9800,234,0,3,0
124,3100,120,3,1,1
65,2909,35,0,1,0
83,1829,23,0,1,0
124,1280,25,0,1,0
102,3100,52,1,0,0
106,4350,100,0,1,0
80,1200,50,1,1,0
73,5260,96,2,1,1
134,1980,66,2,1,1
26,2393,60,0,1,0
7,2550,30,0,1,1
121,6708,120,0,1,0
7,1973,27,0,1,1
14,800,35,1,1,0
15,8161,477,4,7,5
41,1530,30,1,1,0
122,2694,44,0,2,2
79,1000,20,1,1,3
7,2050,38,0,1,1
26,2400,55,0,2,0
133,7500,600,0,3,0
12,5915,101,3,1,1
26,1230,30,0,1,0
26,580,15,0,0,0
30,5500,50,1,1,1
26,9877,350,0,7,0
124,2600,110,3,2,0
26,9340,250,0,3,0
73,6430,110,3,2,1
26,2666,220,0,4,0
93,850,40,1,1,0
7,2493,42,0,1,1
26,1515,25,0,1,0
62,950,45,1,1,0
59,2225,25,1,1,0
26,9713,438,0,3,0
7,5250,100,1,1,2
30,3800,86,3,1,0
26,2340,27,1,1,0
12,6340,73,2,2,1
20,1400,70,2,1,0
34,580,35,1,1,0
124,1688,25,0,1,0
26,10947,90,0,0,0
26,3180,60,2,1,0
102,7770,140,1,0,1
26,1195,37,0,1,0
134,1781,70,3,1,0
40,950,65,1,1,0
2,1900,50,0,0,0
26,4200,50,2,2,0
26,2250,25,1,1,0
102,1616,25,0,1,0
30,1370,30,1,1,0
124,3265,100,3,1,1
26,750,38,0,1,0
11,6555,270,0,1,0
26,2370,108,1,1,0
122,4526,75,0,1,1
110,75000,4000,0,0,0
65,4757,109,2,3,0
26,2768,49,0,1,0
124,5177,227,0,2,0
30,200,4,0,0,0
26,1080,56,0,1,0
7,7443,96,0,2,0
119,4455,162,1,1,0
119,1950,100,3,1,0
26,822,24,0,1,0
26,2283,38,0,2,0
26,13460,375,0,4,0
30,1890,43,0,1,0
26,15690,191,0,2,0
93,984,66,2,1,0
129,6715,2895,0,0,0
102,5604,592,0,0,0
40,930,50,1,1,0
47,1315,26,1,1,0
10,820,49,1,1,0
102,4240,75,0,1,1
26,2150,40,0,1,0
59,2500,31,0,1,0
102,3910,80,3,2,0
7,3870,34,0,0,1
20,2299,53,0,1,1
80,1105,80,1,1,0
26,930,34,1,1,0
30,1800,29,1,1,0
26,2100,50,0,1,0
7,3143,42,0,0,1
59,8700,180,3,2,0
26,2435,110,0,1,0
124,2348,87,3,3,1
89,1100,25,0,0,0
30,3700,75,2,1,0
47,3250,85,3,2,0
118,2581,50,0,1,1
26,3460,94,0,1,0
124,2245,20,1,1,0
26,3445,89,0,1,0
26,12500,350,0,3,0
7,2150,33,0,1,1
30,1935,35,1,1,0
85,1000,47,1,1,0
121,600,43,1,1,0
41,1710,30,0,1,1
26,1809,60,0,3,0
111,550,35,0,1,0
111,1210,28,1,1,0
54,780,35,1,1,0
124,3950,45,0,1,0
102,5980,189,4,5,2
92,989,50,1,1,0
119,930,28,1,1,0
119,944,32,1,1,0
102,1256,26,1,1,0
30,5560,107,3,2,3
26,1590,30,1,1,0
124,1949,28,0,1,1
30,1780,27,1,1,0
7,3737,68,0,0,1
92,850,50,1,1,0
102,1897,32,0,0,0
102,5616,70,0,0,1
100,880,50,1,1,0
20,650,25,1,1,0
76,1750,33,0,1,1
130,6100,350,4,6,3
7,1975,29,0,0,1
65,3388,135,4,2,0
12,1800,21,1,1,0
134,2451,150,3,1,0
26,12167,216,0,3,0
7,1690,21,1,0,1
12,1000,26,1,1,0
124,2050,45,1,1,0
84,714,60,1,1,0
72,4270,112,3,2,3
30,2000,37,1,1,0
89,5250,125,0,1,2
26,5625,90,0,1,0
7,4361,42,0,1,2
20,1146,55,1,1,0
114,1238,30,0,1,0
62,1550,24,0,1,1
83,1230,50,2,1,0
40,900,50,2,1,0
76,13700,83,0,0,0
30,700,28,1,1,0
7,5280,94,3,2,2
26,15200,292,0,3,0
26,3345,48,0,0,0
7,2140,35,0,1,1
43,1105,25,2,1,0
89,2320,120,4,2,2
90,1200,105,1,1,0
26,6766,81,0,1,0
72,3300,50,2,1,0
138,1300,60,2,1,0
26,2452,47,0,1,0
12,6167,95,3,3,2
83,1415,30,1,1,0
80,800,70,1,1,0
122,1800,60,0,1,0
30,1510,29,0,1,0
102,1579,21,0,0,0
59,4000,43,1,1,0
26,1141,34,0,1,0
7,4100,70,0,0,1
26,1000,30,1,1,0
39,3979,70,0,1,0
2,4158,45,0,0,0
7,3900,114,4,4,2
7,16850,370,4,6,4
12,6207,94,3,2,1
7,4385,53,0,1,1
26,5003,107,0,2,0
83,1830,91,2,1,0
26,3000,42,0,1,0
47,1888,26,1,1,0
83,920,30,0,0,0
30,1620,39,0,1,0
30,1150,22,0,0,0
30,5300,55,2,2,0
92,1042,55,1,1,0
124,2310,110,3,1,0
26,2100,33,0,1,0
60,4000,150,2,1,1
7,5600,80,1,1,1
102,4400,154,3,2,2
72,3600,66,3,1,0
55,4700,70,2,1,1
7,1600,30,0,1,1
26,1065,27,1,1,0
43,3980,160,4,3,1
26,1270,40,1,1,0
122,6179,378,4,4,8
134,1533,30,0,1,1
70,6188,89,3,3,1
12,4690,50,0,1,2
30,3200,42,1,1,0
7,2370,38,0,1,1
30,2246,31,0,0,0
7,1854,35,0,1,1
74,3033,38,1,1,0
30,3600,105,3,1,0
7,1847,55,0,1,1
42,2450,38,1,1,0
64,15912,2100,0,4,10
134,1240,35,1,1,0
79,1330,22,1,1,0
26,3091,100,0,2,2
12,5015,43,0,1,1
52,7820,170,4,4,3
38,950,45,1,1,0
30,200,5,0,0,0
7,1850,32,0,1,1
124,2497,35,0,1,1
30,3100,75,2,1,0
102,6100,206,2,2,2
26,1417,31,1,1,0
124,370,15,0,0,0
30,2000,28,1,1,0
7,6400,140,3,2,2
40,1600,100,3,1,0
139,750,32,1,2,0
59,7800,220,4,3,2
122,750,50,1,1,0
7,1640,25,0,1,0
129,77737,6000,0,0,0
102,16103,387,6,6,2
30,2100,40,0,0,1
60,950,32,1,1,0
30,3350,80,3,2,0
15,2670,100,4,3,1
94,891,26,1,1,0
7,1900,34,0,1,1
42,1381,26,1,1,0
26,4950,220,2,3,0
110,4000,58,0,1,0
26,1485,34,0,1,0
134,6400,156,0,0,0
7,6627,80,1,1,1
10,750,56,1,1,0
26,1497,35,0,1,0
74,1690,30,1,1,0
40,1400,74,2,1,0
7,4700,110,0,1,1
7,2400,27,1,1,1
7,2870,71,0,1,1
7,2463,42,0,1,1
39,921,82,2,1,0
7,2050,32,0,1,1
1,700,60,2,1,0
83,1000,89,2,1,0
26,3670,78,0,2,0
98,2500,126,0,3,0
26,2100,100,2,1,0
20,940,50,2,1,0
7,6400,100,0,3,0
7,2040,30,0,1,1
7,3411,61,0,0,2
134,2800,33,0,3,0
26,1627,36,0,1,1
59,9920,186,2,3,1
12,5073,93,2,1,0
124,2880,85,2,1,0
35,1990,30,0,1,1
83,3040,135,3,1,1
134,2890,100,3,1,1
124,4000,70,1,2,2
40,793,70,1,1,0
7,2906,55,0,1,1
124,2619,32,0,1,0
34,900,40,1,1,1
35,993,60,2,1,0
26,5900,385,0,4,0
98,1240,24,1,1,0
26,2630,70,2,2,0
107,2540,75,2,2,0
26,898134,34677,0,0,83
33,700,57,2,1,1
134,1450,69,2,1,0
124,3600,119,2,1,1
124,1680,70,2,1,1
92,800,45,1,1,0
124,3450,164,3,2,1
39,1927,65,2,1,0
124,2790,120,3,3,0
15,1364,50,2,1,0
92,905,45,1,1,0
124,8512,500,4,6,1
124,3462,110,3,1,1
26,1266,30,1,1,0
102,1526,40,0,0,0
70,4563,100,2,3,0
102,3100,52,0,0,0
7,2079,30,0,1,1
0,1106,50,1,1,0
26,1971,35,1,1,0
34,1203,35,1,0,1
102,1830,24,0,1,1
26,2650,50,0,0,1
102,1530,40,1,1,0
85,1209,55,3,2,0
76,1250,110,3,2,0
102,1733,40,0,0,0
34,1240,17,0,1,1
134,1865,80,3,1,0
124,2110,78,3,2,0
26,2600,90,3,1,0
59,3838,30,0,1,0
52,7480,123,3,3,1
26,1465,25,1,1,1
48,2700,144,3,3,1
26,1430,32,0,0,0
26,1680,55,0,1,0
12,2550,80,2,2,0
26,2540,58,1,2,0
12,1380,40,1,1,0
111,1522,30,1,1,0
39,1082,50,1,1,0
122,929,35,1,1,1
106,2670,140,3,2,1
7,9485,105,0,0,2
62,2086,37,1,2,1
26,1520,39,1,1,0
125,1625,72,2,1,0
26,1561,34,0,0,0
26,2300,71,0,1,0
26,2680,30,1,1,0
20,2000,46,0,1,0
102,2470,60,0,0,1
26,1790,60,0,1,0
7,7035,108,0,3,0
26,420,20,0,0,0
119,1755,48,1,1,0
120,25000,1300,0,0,0
20,2550,75,2,1,0
30,2920,30,1,1,0
26,2565,64,0,1,0
30,1332,27,0,1,0
20,2000,50,0,0,1
39,3328,142,3,3,2
26,2652,71,0,0,0
69,1500,70,1,1,0
26,935,25,0,1,0
106,4500,118,0,1,0
124,1310,35,1,1,0
119,1230,39,1,1,0
20,770,40,1,1,1
62,1280,26,0,1,0
40,1490,58,2,2,1
26,1160,30,1,1,0
26,2325,76,2,1,0
26,1818,29,0,1,0
7,1800,32,0,1,0
60,1402,60,1,1,0
102,2716,51,0,1,1
26,2388,51,0,1,0
98,2300,130,0,1,0
2,1050,35,0,1,0
48,2500,130,3,2,0
26,2180,31,1,1,0
122,4174,335,4,3,4
43,6480,80,3,2,1
26,2228,54,0,1,0
26,1212,28,1,1,0
97,1000,75,2,1,1
23,1480,33,1,1,0
7,1899,30,0,0,1
27,4250,160,0,0,0
26,1651,66,0,1,0
42,3260,70,2,1,0
44,3500,131,3,1,2
91,3267,90,0,3,3
26,3597,379,0,0,0
26,1612,55,0,1,0
83,1164,30,1,1,0
114,715,27,0,1,0
119,1000,47,1,1,0
26,1025,21,0,1,0
59,8333,99,3,2,2
12,5050,113,3,4,3
119,1900,80,0,1,0
79,2440,35,0,1,0
26,535308,7774,0,80,89
7,2456,36,0,1,1
7,3026,40,0,2,0
73,5000,45,1,1,0
34,1864,21,1,0,1
119,1574,85,3,1,0
119,3200,71,3,1,1
102,7600,150,0,0,0
26,3500,150,3,3,0
26,1762,37,1,1,0
85,550,42,1,1,0
11,2116,110,3,1,1
72,2290,50,2,1,0
124,2850,90,3,2,0
47,2250,45,1,1,0
26,990,51,0,1,0
15,1400,25,0,1,1
26,1660,80,0,2,0
34,1500,41,0,1,0
26,2500,45,0,1,0
84,1343,43,2,1,0
7,1800,38,0,1,1
48,2431,102,3,2,1
26,1503,36,1,1,0
12,2200,35,0,1,0
41,1895,60,2,1,0
92,966,70,2,1,0
98,1352,20,0,1,0
30,4040,75,3,2,0
26,1350,36,0,1,0
72,900,80,0,1,0
83,2015,80,3,2,1
26,2800,50,0,1,0
120,1600,60,2,1,0
124,2430,53,1,2,0
124,3230,70,2,2,0
35,4050,100,0,2,1
7,2500,28,1,1,1
80,1070,660,1,1,1
79,3585,100,3,1,2
26,1350,39,0,1,0
102,2601,40,1,1,0
26,1610,38,0,1,0
15,894,40,1,1,1
40,1150,76,3,1,0
60,940,60,2,1,0
26,2010,60,0,0,0
30,1650,33,1,1,0
26,1500,67,0,1,0
72,3300,102,3,2,1
20,790,66,2,1,0
124,3000,84,3,1,1
73,4714,38,0,1,1
16,1204,30,0,1,0
57,16000,1500,0,6,0
102,1940,30,0,1,1
7,4980,86,0,1,1
11,1570,65,1,1,0
83,1260,45,1,1,0
20,800,66,2,1,0
42,3437,45,0,0,1
106,2013,150,4,3,0
124,2150,80,3,1,0
55,4450,101,2,1,1
23,1598,30,1,1,0
36,1250,85,2,1,0
85,815,33,1,1,0
26,1211,37,0,1,0
26,1056,27,1,1,0
26,1148,29,0,1,0
60,1543,80,3,2,0
2,1586,40,1,1,0
92,1000,70,2,1,0
85,907,39,2,1,0
119,81000,2700,0,0,0
26,1330,31,0,2,0
26,3550,38,0,1,0
26,600,30,0,1,0
112,1621,33,0,1,0
111,3040,40,1,1,0
30,2800,38,1,1,0
26,2180,72,2,1,0
134,4592,220,3,3,2
48,2600,144,3,3,1
26,2830,77,0,2,0
7,1300,24,0,1,0
124,2370,55,1,1,0
3,5029,60,2,3,1
124,2290,70,2,1,0
26,2934,70,0,1,0
134,3000,78,2,2,1
30,2350,36,1,1,0
26,958,25,0,1,0
66,1150,30,1,1,0
35,1200,50,1,1,0
104,2200,70,2,1,0
26,420,15,0,0,0
97,1852,71,2,2,2
30,1250,24,1,1,0
90,8000,800,0,2,3
23,2700,35,1,0,0
119,1308,53,1,1,0
88,322000,16100,0,8,0
85,1350,60,3,1,1
26,2118,50,0,1,0
40,1500,54,1,1,1
59,6000,73,2,1,0
20,1150,20,0,0,0
71,1083,22,0,0,0
7,1631,27,0,1,1
26,1663,53,0,1,0
83,2085,84,2,2,1
26,1444,27,1,1,0
30,2175,40,1,1,0
97,2335,114,3,2,1
12,2645,35,1,1,0
7,2862,51,0,0,1
30,3440,82,2,1,0
39,1000,45,1,1,0
124,4012,115,3,2,1
13,58887,2031,0,0,0
124,1550,37,0,1,0
26,1038,29,0,1,0
26,400,10,0,0,1
26,890,39,0,1,0
23,3090,68,2,1,0
30,1750,25,0,1,0
30,2192,42,0,1,0
62,1500,38,1,1,1
47,1850,40,1,1,0
15,1375,28,0,0,1
47,1786,25,1,1,1
55,3018,85,2,1,0
119,10000,1250,0,0,0
26,1475,40,1,1,0
102,1950,36,0,0,0
134,2200,75,3,2,1
59,9200,180,4,3,2
124,2880,105,3,2,2
124,2259,86,2,1,0
26,2600,55,0,1,0
26,1560,35,0,1,0
79,1542,56,2,2,0
111,1680,70,2,1,0
26,1151,32,1,1,0
26,1191,38,1,1,0
44,1220,29,0,0,0
60,790,50,2,1,0
83,1553,58,2,1,1
23,1874,45,1,1,0
26,850,28,1,1,0
26,321,33,0,1,0
30,3597,109,0,1,0
102,3330,110,2,3,1
83,2260,70,3,2,1
113,850,42,2,1,1
98,5240,177,1,2,0
119,28000,1600,0,1,0
30,3128,75,2,1,0
92,695,53,1,1,0
112,1217,28,0,1,1
26,1497,36,0,1,0
119,6300,400,1,3,1
12,6301,101,3,3,2
91,910,50,1,1,0
30,2350,40,1,1,0
26,1990,55,2,1,0
48,1930,50,2,1,0
30,1059,30,0,1,0
85,1050,60,2,1,0
30,2729,38,1,1,0
7,1780,27,0,1,1
30,2562,39,0,1,0
47,2340,46,1,1,0
26,2540,63,0,2,0
51,1060,60,2,1,1
20,984,70,3,1,0
26,1392,66,0,1,0
26,1400,33,0,1,0
30,1444,28,1,1,0
76,1770,35,0,1,0
83,1395,79,2,1,1
44,1752,87,2,3,1
26,1030,32,0,1,0
134,1566,40,2,2,0
26,700,22,0,0,1
90,1339,80,1,1,0
83,1070,19,0,0,0
83,1700,90,2,2,0
59,7972,72,2,2,0
10,930,50,1,1,1
39,2420,100,3,3,1
2,1700,77,1,1,0
48,2550,73,3,2,1
124,2060,45,1,1,1
89,2498,84,3,3,1
137,5220,337,4,4,4
21,1422,54,2,1,1
76,1000,75,2,1,0
12,3500,80,2,1,0
43,4821,160,4,3,5
40,1000,40,1,1,1
7,1525,36,0,1,1
83,2100,100,3,3,0
7,1440,31,0,1,1
26,1250,33,0,1,0
47,2820,78,2,1,0
34,1300,50,2,1,0
7,1510,27,0,1,1
89,1528,46,1,1,1
12,4573,90,2,3,1
70,4370,55,2,1,1
73,11311,111,2,2,1
33,800,42,2,1,2
83,1010,26,0,1,0
12,6024,100,2,2,1
26,8767,170,0,0,0
39,1020,75,2,1,0
7,5200,55,0,1,1
12,3250,40,1,1,1
26,9221,320,0,2,0
26,1615,65,2,1,0
62,3500,180,3,3,1
51,1450,48,2,1,0
26,1250,30,0,1,0
26,2350,78,0,2,0
124,2386,80,2,1,0
89,3835,400,4,5,2
44,1290,50,2,1,0
62,4359,60,0,2,2
44,1500,25,0,1,1
134,2500,70,3,1,0
134,2392,101,2,2,1
124,2950,74,2,2,0
15,1135,56,1,1,0
7,1645,32,0,1,0
83,1500,49,2,2,0
40,1456,60,2,1,1
51,650,10,0,1,0
134,2030,90,2,1,1
40,2080,60,2,1,1
90,1470,90,3,1,0
44,1400,26,0,0,1
79,4257,250,2,3,1
102,3800,130,3,3,2
30,737,15,0,0,1
124,2815,105,3,3,0
40,1831,68,2,1,1
20,4289,310,4,4,2
55,3047,65,2,1,0
30,1799,32,0,1,0
12,1800,30,1,1,0
40,1250,100,1,1,0
7,6710,72,0,0,1
125,1250,56,2,1,0
124,2487,90,2,1,1
97,1300,70,1,1,1
21,1020,70,2,1,0
124,2113,82,2,1,1
26,960,30,0,1,0
26,1007,25,0,1,0
26,937,31,0,1,0
119,1006,45,1,1,0
34,840,50,1,1,0
134,3139,220,3,2,0
85,1167,45,1,1,0
44,1248,24,0,1,0
111,2065,60,2,1,0
26,886,23,0,1,0
26,2110,50,2,1,0
41,2012,55,2,2,0
60,1150,70,2,1,0
26,950,30,0,1,0
124,4195,150,2,2,1
7,9245,120,2,3,2
20,790,43,2,1,0
30,4124,70,3,3,0
26,1160,35,0,1,0
2,1480,60,0,0,0
124,1790,63,2,1,0
121,1774,60,1,2,1
23,1997,42,1,1,0
9,1206,36,0,1,0
44,1350,25,0,1,1
122,3880,111,1,2,2
124,1767,56,2,1,0
26,1181,32,0,1,0
40,1098,50,1,1,0
124,2280,80,2,2,0
97,1515,80,2,2,1
90,3645,256,0,5,1
83,2283,42,0,1,0
26,1065,25,0,1,0
47,2200,57,2,2,0
134,1335,50,2,1,0
7,4385,53,1,1,1
119,2064,60,2,1,0
60,770,45,1,1,1
124,1500,58,2,2,0
43,1560,70,2,2,0
7,700,27,0,1,0
21,870,58,3,1,0
119,1840,105,2,1,0
52,5873,85,3,2,1
102,1426,35,0,1,1
83,1800,60,2,1,1
72,3850,110,3,2,1
90,1220,56,2,1,0
89,1315,58,2,1,0
30,1360,26,0,1,0
11,1397,70,2,1,0
106,1580,56,2,1,0
19,1751,60,2,1,1
26,1447,34,0,1,0
60,2380,100,2,1,1
21,760,25,1,1,1
26,620,30,1,1,0
124,1461,30,0,1,0
83,1860,80,3,2,0
102,1475,30,0,0,0
11,2290,94,4,1,1
83,2270,90,3,1,1
124,1520,29,0,1,0
21,640,70,0,1,0
119,1256,44,1,1,0
83,1570,64,2,1,1
124,1973,54,1,1,0
62,2800,74,2,2,1
20,1022,45,2,1,0
111,1622,35,1,1,0
124,2630,80,2,2,1
26,1712,44,0,4,0
83,1747,57,2,1,1
62,1631,27,0,1,1
7,1763,36,0,1,1
26,957,31,0,0,0
65,1800,30,1,1,0
20,1227,42,2,1,0
7,2843,40,0,1,1
43,2950,75,3,2,1
102,5310,109,3,1,2
122,1809,60,1,2,1
26,1172,32,1,1,0
92,870,60,2,1,0
70,5813,60,2,1,1
124,2897,75,3,2,1
134,2143,72,2,1,1
98,1075,30,1,1,0
20,2055,35,0,1,3
26,1209,31,0,1,0
26,2188,63,0,1,0
90,960,58,2,1,0
60,780,100,2,1,0
124,4074,109,3,2,2
83,1708,42,0,1,0
20,750,50,2,1,0
25,1400,60,2,1,1
26,2030,42,0,1,0
102,1250,25,0,0,1
90,1900,84,2,1,0
30,3060,50,2,1,0
20,791,38,2,1,1
12,6030,101,3,1,1
73,5250,75,2,3,0
134,6000,50,0,1,0
44,1510,29,0,1,0
30,1220,20,0,1,0
79,1950,71,2,1,0
62,8750,160,4,5,3
30,2430,46,1,2,0
122,1765,65,2,1,0
40,1747,75,2,1,1
23,3228,70,1,3,0
83,2220,98,3,2,1
26,1123,21,0,1,0
40,1200,60,3,1,1
83,3400,70,2,2,1
26,1240,32,0,1,0
26,1250,42,0,1,0
89,1445,50,2,1,0
109,955,57,2,1,0
79,2140,60,1,1,0
26,1009,21,0,1,0
85,1845,150,3,1,1
7,4950,83,2,3,1
26,699,25,0,0,0
73,8280,75,2,2,1
40,1570,50,2,2,1
26,1000,30,0,1,0
26,2517,63,0,1,0
122,5164,330,4,3,4
26,966,29,0,1,0
26,1872,33,0,1,0
26,1113,39,0,1,0
124,2490,90,3,2,1
26,2990,92,0,1,1
26,3520,64,0,2,0
26,1008,30,0,0,0
60,1270,45,2,1,0
9,1095,50,2,1,0
64,1020,115,2,1,0
26,3073,63,0,1,0
103,1782,73,0,1,0
12,4240,55,1,1,1
26,1391,38,0,0,0
26,966,25,0,1,0
7,1800,30,0,1,1
7,3165,60,1,1,1
124,2495,77,2,1,1
60,1260,55,1,1,0
21,1010,60,2,1,0
26,1400,50,1,1,0
124,3300,67,3,1,2
83,1550,51,2,2,1
20,946,50,2,1,0
20,1300,100,3,1,1
83,2275,100,3,2,1
26,1098,40,0,1,0
134,1316,37,1,1,0
60,3090,90,3,2,1
7,1265,32,0,1,1
12,2302,42,1,1,0
30,2919,44,1,1,0
11,1340,49,2,1,0
97,1791,66,2,1,1
90,1400,71,2,1,0
119,1329,60,2,2,0
68,7500,140,3,2,2
26,1050,20,0,1,0
124,1506,27,0,1,1
118,4740,110,2,1,1
26,1050,35,0,0,0
83,1492,49,2,1,1
73,6900,70,2,2,1
26,922,28,0,1,0
23,3596,98,3,3,0
12,1580,48,1,1,0
26,1571,38,0,1,0
119,2130,65,3,1,1
26,560,24,0,0,1
48,2269,56,2,1,1
7,2226,35,0,1,1
83,1409,60,2,1,0
91,1200,24,0,0,0
76,1282,58,2,1,0
84,1250,52,2,1,0
83,1800,80,2,1,0
124,1481,33,0,1,0
40,1530,84,2,2,1
92,2200,211,4,4,0
26,1431,38,1,1,0
102,1850,33,0,0,0
119,1810,70,2,1,1
80,1290,70,2,1,0
134,2020,90,2,2,1
124,2683,77,2,1,1
30,1450,31,0,1,0
43,2135,65,2,2,1
134,2190,75,1,1,1
7,1670,32,0,1,0
39,1888,80,3,2,1
84,1094,48,2,1,0
124,2015,80,2,1,0
89,1518,48,1,1,1
102,1300,31,0,1,0
134,1850,77,3,1,1
98,854,47,1,1,0
11,11500,2009,0,0,1
59,8940,188,2,2,1
102,1750,35,0,0,1
55,3189,50,1,1,0
26,1891,55,1,1,0
90,1450,90,3,1,0
26,1841,28,1,1,0
121,765,18,0,1,1
26,1110,30,1,1,0
124,2150,58,2,1,0
41,2240,70,2,1,1
72,2165,48,2,1,0
30,2101,36,1,1,0
72,2099,44,1,1,0
124,1610,42,1,1,0
122,1620,45,2,1,0
124,2200,68,2,1,0
93,1375,68,2,1,0
93,794,50,1,1,1
101,1320,20,0,1,0
40,1463,77,3,1,0
134,2122,55,2,2,0
9,2800,120,5,3,3
30,2900,87,3,2,0
76,1317,58,2,1,0
72,5067,68,2,3,1
20,960,42,2,1,1
15,1490,92,2,1,0
26,1676,60,0,1,0
26,1192,38,0,1,0
122,1810,60,1,2,1
79,2380,100,3,2,2
43,3200,70,3,2,1
113,800,50,2,1,1
79,1900,52,1,2,1
26,1100,45,0,1,0
26,1910,50,1,1,0
79,2250,61,2,1,1
7,1692,27,0,1,0
92,1610,80,2,2,0
124,2275,60,2,1,0
97,1710,720,5,5,0
44,905,19,0,1,1
102,9000,177,3,5,5
26,1600,33,0,1,0
134,1864,80,3,2,0
14,1300,45,2,1,0
102,4070,88,3,3,1
12,2050,35,1,1,0
7,2055,31,0,1,1
48,2250,90,2,1,0
26,866,29,0,1,0
26,1280,32,0,1,0
124,3265,67,2,1,1
99,3121,57,0,1,0
83,1964,44,0,0,0
134,1258,23,0,1,1
14,1300,50,2,1,0
43,2650,76,2,2,1
26,1355,36,0,1,0
83,1581,70,2,1,1
99,981,50,1,1,1
35,1271,50,2,1,0
99,1380,60,2,1,0
43,4295,93,3,3,2
130,2100,100,2,3,4
71,2150,38,1,1,0
7,7020,82,2,3,1
102,1420,28,0,1,1
26,1614,33,0,1,0
26,1435,48,0,1,0
83,2600,110,3,3,2
30,4634,73,3,2,1
7,2438,34,0,0,1
2,1950,74,3,1,1
30,1108,32,0,1,0
3,1905,60,2,1,1
26,2143,45,1,1,0
15,1410,60,2,1,0
26,27500,900,0,10,0
124,3774,103,3,2,2
124,4052,47,0,1,2
20,1000,42,2,1,1
19,1200,64,2,1,1
48,3680,90,3,2,1
15,1600,81,2,2,1
30,2380,30,1,1,1
60,1690,98,2,1,1
83,2080,80,2,1,1
103,1260,45,1,1,0
83,1500,55,2,1,1
40,1540,70,2,1,0
67,2305,105,3,2,1
42,3306,97,3,2,0
7,2700,30,1,1,0
121,1200,60,2,1,0
84,1430,46,2,1,0
2,1770,50,1,1,0
137,1850,25,0,1,1
20,1010,42,2,1,1
36,1182,99,2,2,0
84,1200,46,1,1,0
79,1680,85,2,1,0
60,2030,70,2,1,1
12,4010,80,2,2,1
20,1257,48,2,1,1
106,1450,80,2,2,0
26,1545,33,0,1,0
124,1770,43,1,1,1
2,1756,65,1,1,1
47,2404,54,2,1,0
75,1342,58,2,1,0
26,1010,25,0,1,0
7,1855,28,0,1,1
124,2560,92,2,1,1
26,950,30,0,1,0
124,2347,100,3,1,1
98,1250,30,1,1,0
102,3946,88,3,3,2
119,1381,127,2,1,0
99,2050,97,4,2,1
122,1717,54,1,1,1
15,1450,50,2,1,0
62,3719,65,1,2,1
26,7829,132,0,2,0
130,1540,40,1,1,1
19,1040,45,1,1,1
67,3692,120,2,2,1
44,3375,53,0,2,0
124,2600,70,2,2,0
20,962,43,2,1,1
26,2000,70,0,1,0
30,2000,35,1,1,0
84,1100,32,0,1,0
7,6420,72,0,2,1
102,1220,28,0,1,1
83,1300,66,2,1,1
124,3450,130,2,1,1
41,1640,70,1,1,1
51,1250,38,1,1,0
40,1750,62,2,1,1
20,1330,43,2,1,1
26,1333,110,0,2,0
92,1106,80,2,1,0
60,2008,60,2,1,1
121,1781,30,0,1,1
40,1940,64,2,1,1
11,10560,990,0,4,0
36,1150,52,2,1,0
124,2130,72,3,1,1
99,1303,58,2,1,0
26,1420,33,0,1,0
44,1411,24,0,1,1
83,1164,40,1,1,1
138,1800,60,2,1,1
124,1781,27,0,1,1
102,1450,29,0,0,1
124,2400,95,2,1,1
26,4248,162,0,4,0
43,2051,43,2,1,1
124,2303,72,2,1,0
20,905,46,2,1,1
89,3340,77,3,2,1
83,2150,70,2,2,1
89,1000,41,0,1,0
20,1000,53,2,1,1
59,7350,110,3,2,1
12,2500,80,2,1,0
20,1150,52,2,1,1
89,2708,120,2,3,1
26,1092,32,0,1,0
62,1401,60,2,1,0
20,1000,44,2,1,1
93,1180,58,2,2,0
89,1250,60,2,1,1
93,1710,29,0,1,1
73,2680,42,1,1,0
102,3952,63,2,1,1
124,2630,75,2,3,1
26,1656,30,0,1,0
124,2565,37,0,1,1
11,1750,55,2,1,1
26,1640,60,1,1,0
44,1395,29,0,0,1
30,3300,80,2,1,0
26,2389,40,0,1,0
102,3470,82,3,2,2
48,2300,72,2,2,2
20,1013,66,2,1,1
19,1153,70,2,1,1
83,1914,67,2,2,1
26,1097,40,0,1,0
102,1850,33,0,1,0
47,3258,69,1,2,0
21,1450,90,2,1,1
92,1353,48,2,1,1
30,4100,130,3,4,0
89,800,50,2,1,1
92,930,74,2,1,1
70,3415,60,2,1,0
10,1090,50,2,1,1
7,7550,108,2,3,2
26,3650,45,0,3,0
124,3000,85,3,3,0
20,800,45,2,1,1
20,860,54,2,1,1
99,800,50,2,1,0
20,1040,44,2,1,1
30,3426,97,3,3,0
124,2590,83,3,1,1
12,3820,60,2,1,0
40,2300,60,2,1,1
20,920,42,2,1,1
129,892,41,1,1,2
134,2336,50,2,2,1
7,6917,121,3,2,2
15,1800,120,3,2,0
101,1650,60,0,1,0
38,3775,60,2,1,2
26,1072,30,0,1,0
7,2250,36,0,1,1
134,2477,114,2,2,1
89,1160,43,2,1,1
18,1576,23,0,1,1
12,3492,80,2,1,1
52,4700,40,0,1,1
23,2080,58,1,1,0
20,957,45,2,1,1
83,2161,75,2,2,1
134,2270,64,2,1,1
19,920,75,2,1,1
51,1047,60,2,1,1
19,1350,46,2,1,1
20,850,85,2,1,0
83,1350,80,2,2,0
124,2785,54,2,2,2
134,2306,66,2,2,1
83,1565,50,2,1,1
43,3150,87,3,2,2
26,1008,34,0,0,0
124,1230,30,0,1,0
83,1825,100,2,3,0
89,1080,45,1,1,1
20,867,49,2,1,1
30,2878,40,0,0,0
89,2584,55,2,1,1
119,1300,50,2,1,0
40,1534,56,2,1,1
83,4706,280,3,5,3
68,6700,135,3,3,2
40,3400,280,4,2,3
20,950,50,2,1,1
124,2575,70,2,1,1
44,1198,21,0,1,1
102,1862,33,0,1,1
40,1610,48,2,1,1
83,1620,55,2,1,1
124,3190,90,3,1,2
92,982,60,2,1,1
48,3047,80,2,2,1
11,1520,60,2,1,0
136,2000,80,3,2,1
26,3935,92,2,1,0
93,1146,62,2,1,1
26,1100,35,0,1,0
111,1676,35,1,1,1
62,2140,49,2,2,1
40,1478,48,2,1,0
102,3169,72,2,2,1
124,2530,75,2,1,1
83,1477,68,2,1,0
12,2400,45,1,1,0
42,3300,60,2,1,0
7,3400,77,2,1,1
97,1100,50,2,1,0
136,1850,69,2,1,2
136,3350,112,3,1,2
97,1200,50,2,1,0
133,700,60,2,1,1
97,1446,65,3,1,1
26,16200,264,4,2,0
102,1563,45,1,1,1
59,11199,116,3,2,1
102,1883,28,0,1,0
26,609,22,0,1,0
23,1550,33,1,1,0
106,2300,120,2,2,0
79,3500,100,3,3,1
85,980,40,1,1,0
83,1130,70,2,1,1
26,798,30,0,1,0
12,2850,91,2,1,0
72,3175,23,0,0,1
124,1334,28,0,1,1
60,424,30,0,1,0
124,1920,52,2,1,0
47,2010,53,1,1,0
124,2905,100,3,1,1
76,950,38,0,1,0
30,1570,18,0,1,0
67,1450,56,1,1,0
56,1668,67,2,1,1
42,2160,51,1,1,0
89,1430,66,2,1,1
26,1350,35,1,1,0
23,2336,47,1,1,0
124,2305,57,1,1,1
124,1620,45,1,1,0
124,3250,100,3,2,1
124,3070,84,2,3,1
7,8200,185,1,1,3
73,14491,90,3,3,1
7,4340,76,1,0,1
35,2600,36,0,1,1
30,12500,243,4,3,3
55,4788,100,2,4,1
12,3688,92,3,2,1
30,1940,30,1,1,0
30,3560,60,1,1,0
124,1540,30,0,1,0
57,890,47,2,1,1
26,1210,30,0,0,0
11,850,34,0,0,0
11,1100,42,1,1,0
7,1150,21,0,1,1
26,10657,258,0,2,1
65,4750,110,3,2,1
102,3778,89,3,3,2
134,3400,120,4,2,0
30,3700,45,1,1,1
30,3320,98,3,3,1
26,900,25,0,1,0
34,1552,54,2,1,1
30,1842,35,1,1,0
30,19117,395,12,5,4
124,2246,80,2,1,1
124,1854,79,2,1,0
24,1606,64,2,1,0
59,8633,100,3,3,2
136,2650,95,3,3,1
30,2500,45,1,1,0
30,1065,18,0,1,0
47,4620,200,5,2,0
59,8300,110,3,3,2
62,4330,43,0,1,0
20,1400,65,2,1,1
20,1019,60,2,1,1
42,1290,28,1,1,0
27,1670,60,2,2,1
102,9750,189,4,6,3
122,1322,43,0,1,0
30,4400,120,3,3,0
90,900,63,3,2,0
97,1050,41,1,1,0
121,1300,15,0,1,0
77,609,26,1,1,0
119,1150,40,2,1,0
42,220,100,2,2,0
62,1990,60,2,1,1
5,780,74,1,1,0
72,4385,137,3,2,1
30,18300,430,0,2,2
97,1680,55,2,1,0
101,750,45,1,1,0
7,6760,205,1,2,2
76,1800,80,0,3,2
30,5559,59,0,1,0
97,700,50,1,1,0
59,3250,30,2,1,0
73,17491,155,3,2,0
12,30000,230,0,0,0
43,1510,45,2,1,1
59,15052,74,2,3,1
20,820,50,1,1,0
26,2938,145,0,0,0
42,5097,60,0,2,2
20,2200,62,2,3,3
59,4657,70,2,2,0
20,1000,76,2,1,1
102,5136,63,0,1,2
42,2700,30,0,1,1
42,1661,33,0,1,0
89,2350,110,2,3,0
102,7830,120,0,2,1
92,610,26,1,1,0
20,1063,55,2,1,1
7,1865,32,0,1,1
7,3916,64,0,1,2
12,5600,96,3,4,1
59,7700,120,3,2,1
12,4500,100,1,2,1
73,10130,200,3,2,1
42,2435,40,1,1,0
26,2150,22,0,1,0
30,1974,23,1,1,0
26,750,39,1,1,0
26,6500,94,0,0,0
26,25833,600,0,3,0
74,1574,22,0,1,0
102,9695,141,3,3,2
20,900,50,3,1,1
137,1995,78,2,1,1
44,4698,154,3,3,2
42,4853,74,2,3,1
3,5300,128,3,3,3
7,9850,225,3,3,1
26,8236,14,0,1,0
43,1280,45,1,1,1
59,19915,117,3,2,0
31,850,50,2,1,0
97,1073,60,3,1,1
65,2500,30,1,1,0
102,25000,550,4,6,2
55,15000,195,2,1,0
118,10457,141,4,2,3
12,10864,204,3,2,1
73,34610,370,4,3,2
59,11690,130,3,2,1
70,7679,152,3,2,1
30,4880,48,1,1,0
44,5025,200,2,3,2
42,4900,101,3,1,1
70,8500,143,3,2,1
90,1016,39,0,1,0
66,1100,38,1,1,0
7,1600,31,0,1,1
137,800,35,1,1,0
26,13800,800,0,5,6
26,1600,40,0,1,0
135,850,50,1,1,0
88,1030,44,2,1,0
13,654,45,1,1,0
20,4450,500,3,3,3
42,1900,30,1,1,0
138,1250,64,2,1,1
7,5300,35,1,1,1
60,2600,68,2,1,1
87,1100,56,2,1,0
7,23200,410,3,4,3
13,850,50,1,1,0
87,1200,62,2,1,0
137,700,40,1,1,0
137,1185,42,2,1,0
138,1240,62,2,1,0
26,13418,352,0,5,0
47,83727,940,0,3,4
128,20000,410,0,4,3
30,3230,75,2,1,1
26,601,22,0,0,0
30,3245,57,0,2,0
11,500,25,1,1,0
30,3270,56,1,1,0
134,1625,62,2,1,0
30,10000,240,0,3,0
12,47105,318,0,4,3
65,32800,320,0,13,13
73,55325,217,0,2,4
73,96744,650,0,2,0
12,54886,394,0,0,10
7,152841,2701,0,24,27
65,3558,33,0,1,1
26,120000,1700,0,1,0
84,28000,700,0,4,0
32,3713,110,3,2,1
73,11451,135,3,2,1
